qualifyId,raceId,driverId,constructorId,number,position,q1,q2,q3
9176,1074,844,6,16,1,1:31.471,1:30.932,1:30.558
9177,1074,830,9,1,2,1:31.785,1:30.757,1:30.681
9178,1074,832,6,55,3,1:31.567,1:30.787,1:30.687
9179,1074,815,9,11,4,1:32.311,1:31.008,1:30.921
9180,1074,1,131,44,5,1:32.285,1:31.048,1:31.238
9181,1074,822,51,77,6,1:31.919,1:31.717,1:31.560
9182,1074,825,210,20,7,1:31.955,1:31.461,1:31.808
9183,1074,4,214,14,8,1:32.346,1:31.621,1:32.195
9184,1074,847,131,63,9,1:32.269,1:31.252,1:32.216
9185,1074,842,213,10,10,1:32.096,1:31.635,1:32.338
9186,1074,839,214,31,11,1:32.041,1:31.782,\N
9187,1074,854,210,47,12,1:32.380,1:31.998,\N
9188,1074,846,1,4,13,1:32.239,1:32.008,\N
9189,1074,848,3,23,14,1:32.726,1:32.664,\N
9190,1074,855,51,24,15,1:32.493,1:33.543,\N
9191,1074,852,213,22,16,1:32.750,\N,\N
9192,1074,807,117,27,17,1:32.777,\N,\N
9193,1074,817,1,3,18,1:32.945,\N,\N
9194,1074,840,117,18,19,1:33.032,\N,\N
9195,1074,849,3,6,20,1:33.634,\N,\N
9225,1075,855,51,24,13,1:29.978,1:29.819,\N
9224,1075,817,1,3,12,1:30.009,1:29.773,\N
9223,1075,846,1,4,11,1:29.957,1:29.651,\N
9222,1075,825,210,20,10,1:29.831,1:29.546,1:29.588
9221,1075,842,213,10,9,1:29.891,1:29.418,1:29.254
9220,1075,822,51,77,8,1:29.683,1:29.404,1:29.183
9219,1075,4,214,14,7,1:29.978,1:29.295,1:29.147
9218,1075,847,131,63,6,1:29.680,1:29.618,1:29.104
9217,1075,839,214,31,5,1:30.093,1:29.584,1:29.068
9216,1075,830,9,1,4,1:28.928,1:28.945,1:28.461
9215,1075,832,6,55,3,1:28.855,1:28.686,1:28.402
9214,1075,844,6,16,2,1:29.039,1:28.780,1:28.225
9213,1075,815,9,11,1,1:29.705,1:28.924,1:28.200
9226,1075,854,210,47,14,1:30.167,1:29.920,\N
9227,1075,840,117,18,15,1:30.256,1:31.009,\N
9228,1075,1,131,44,16,1:30.343,\N,\N
9229,1075,848,3,23,17,1:30.492,\N,\N
9230,1075,807,117,27,18,1:30.543,\N,\N
9231,1075,849,3,6,19,1:31.817,\N,\N
9232,1075,852,213,22,20,\N,\N,\N
9233,1076,844,6,16,1,1:18.881,1:18.606,1:17.868
9234,1076,830,9,1,2,1:18.580,1:18.611,1:18.154
9235,1076,815,9,11,3,1:18.834,1:18.340,1:18.240
9236,1076,846,1,4,4,1:19.280,1:19.066,1:18.703
9237,1076,1,131,44,5,1:19.401,1:19.106,1:18.825
9238,1076,847,131,63,6,1:19.405,1:19.076,1:18.933
9239,1076,817,1,3,7,1:19.665,1:19.130,1:19.032
9240,1076,839,214,31,8,1:19.605,1:19.136,1:19.061
9241,1076,832,6,55,9,1:18.983,1:18.469,1:19.408
9242,1076,4,214,14,10,1:19.192,1:18.815,\N
9243,1076,842,213,10,11,1:19.580,1:19.226,\N
9244,1076,822,51,77,12,1:19.251,1:19.410,\N
9245,1076,852,213,22,13,1:19.742,1:19.424,\N
9246,1076,855,51,24,14,1:19.910,1:20.155,\N
9247,1076,854,210,47,15,1:20.104,1:20.465,\N
9248,1076,848,3,23,16,1:20.135,\N,\N
9249,1076,825,210,20,17,1:20.254,\N,\N
9250,1076,20,117,5,18,1:21.149,\N,\N
9251,1076,849,3,6,19,1:21.372,\N,\N
9252,1076,840,117,18,20,\N,\N,\N
9253,1077,830,9,1,1,1:19.295,1:18.793,1:27.999
9254,1077,844,6,16,2,1:18.796,1:19.584,1:28.778
9255,1077,846,1,4,3,1:20.168,1:19.294,1:29.131
9256,1077,825,210,20,4,1:20.147,1:19.902,1:29.164
9257,1077,4,214,14,5,1:20.198,1:19.595,1:29.202
9258,1077,817,1,3,6,1:19.980,1:20.031,1:29.742
9259,1077,815,9,11,7,1:19.773,1:19.296,1:29.808
9260,1077,822,51,77,8,1:20.419,1:20.192,1:30.439
9261,1077,20,117,5,9,1:20.364,1:19.957,1:31.062
9262,1077,832,6,55,10,1:19.305,1:18.990,\N
9263,1077,847,131,63,11,1:20.383,1:20.757,\N
9264,1077,854,210,47,12,1:20.422,1:20.916,\N
9265,1077,1,131,44,13,1:20.470,1:21.138,\N
9266,1077,855,51,24,14,1:19.730,1:21.434,\N
9267,1077,840,117,18,15,1:20.342,1:28.119,\N
9268,1077,852,213,22,16,1:20.474,\N,\N
9269,1077,842,213,10,17,1:20.732,\N,\N
9270,1077,849,3,6,18,1:21.971,\N,\N
9271,1077,839,214,31,19,1:22.338,\N,\N
9272,1077,848,3,23,20,\N,\N,\N
9273,1078,844,6,16,1,1:29.474,1:29.130,1:28.796
9274,1078,832,6,55,2,1:30.079,1:29.729,1:28.986
9275,1078,830,9,1,3,1:29.836,1:29.202,1:28.991
9276,1078,815,9,11,4,1:30.055,1:29.673,1:29.036
9277,1078,822,51,77,5,1:30.845,1:29.751,1:29.475
9278,1078,1,131,44,6,1:30.388,1:29.797,1:29.625
9279,1078,842,213,10,7,1:30.779,1:30.128,1:29.690
9280,1078,846,1,4,8,1:30.761,1:29.634,1:29.750
9281,1078,852,213,22,9,1:30.485,1:30.031,1:29.932
9282,1078,840,117,18,10,1:30.441,1:29.996,1:30.676
9283,1078,4,214,14,11,1:30.407,1:30.160,\N
9284,1078,847,131,63,12,1:30.490,1:30.173,\N
9285,1078,20,117,5,13,1:30.677,1:30.214,\N
9286,1078,817,1,3,14,1:30.583,1:30.310,\N
9287,1078,854,210,47,15,1:30.645,1:30.423,\N
9288,1078,825,210,20,16,1:30.975,\N,\N
9289,1078,855,51,24,17,1:31.020,\N,\N
9290,1078,848,3,23,18,1:31.266,\N,\N
9291,1078,849,3,6,19,1:31.325,\N,\N
9292,1078,839,214,31,20,\N,\N,\N
9293,1079,844,6,16,1,1:19.861,1:19.969,1:18.750
9294,1079,830,9,1,2,1:20.091,1:19.219,1:19.073
9295,1079,832,6,55,3,1:19.892,1:19.453,1:19.166
9296,1079,847,131,63,4,1:20.218,1:19.470,1:19.393
9297,1079,815,9,11,5,1:20.447,1:19.830,1:19.420
9298,1079,1,131,44,6,1:20.252,1:19.794,1:19.512
9299,1079,822,51,77,7,1:20.355,1:20.053,1:19.608
9300,1079,825,210,20,8,1:20.227,1:19.810,1:19.682
9301,1079,817,1,3,9,1:20.549,1:20.287,1:20.297
9302,1079,854,210,47,10,1:20.683,1:20.436,1:20.368
9303,1079,846,1,4,11,1:20.838,1:20.471,\N
9304,1079,839,214,31,12,1:20.880,1:20.638,\N
9305,1079,852,213,22,13,1:20.707,1:20.639,\N
9306,1079,842,213,10,14,1:20.719,1:20.861,\N
9307,1079,855,51,24,15,1:20.476,1:21.094,\N
9308,1079,20,117,5,16,1:20.954,\N,\N
9309,1079,4,214,14,17,1:21.043,\N,\N
9310,1079,840,117,18,18,1:21.418,\N,\N
9311,1079,848,3,23,19,1:21.645,\N,\N
9312,1079,849,3,6,20,1:21.915,\N,\N
9313,1080,844,6,16,1,1:12.569,1:11.864,1:11.376
9314,1080,832,6,55,2,1:12.616,1:12.074,1:11.601
9315,1080,815,9,11,3,1:13.004,1:11.954,1:11.629
9316,1080,830,9,1,4,1:12.993,1:12.117,1:11.666
9317,1080,846,1,4,5,1:12.927,1:12.266,1:11.849
9318,1080,847,131,63,6,1:12.787,1:12.617,1:12.112
9319,1080,4,214,14,7,1:13.394,1:12.688,1:12.247
9320,1080,1,131,44,8,1:13.444,1:12.595,1:12.560
9321,1080,20,117,5,9,1:13.313,1:12.613,1:12.732
9322,1080,839,214,31,10,1:12.848,1:12.528,1:13.047
9323,1080,852,213,22,11,1:13.110,1:12.797,\N
9324,1080,822,51,77,12,1:13.541,1:12.909,\N
9325,1080,825,210,20,13,1:13.069,1:12.921,\N
9326,1080,817,1,3,14,1:13.338,1:12.964,\N
9327,1080,854,210,47,15,1:13.469,1:13.081,\N
9328,1080,848,3,23,16,1:13.611,\N,\N
9329,1080,842,213,10,17,1:13.660,\N,\N
9330,1080,840,117,18,18,1:13.678,\N,\N
9331,1080,849,3,6,19,1:14.403,\N,\N
9332,1080,855,51,24,20,1:15.606,\N,\N
9333,1081,844,6,16,1,1:42.865,1:42.046,1:41.359
9334,1081,815,9,11,2,1:42.733,1:41.955,1:41.641
9335,1081,830,9,1,3,1:42.722,1:42.227,1:41.706
9336,1081,832,6,55,4,1:42.957,1:42.088,1:41.814
9337,1081,847,131,63,5,1:43.754,1:43.281,1:42.712
9338,1081,842,213,10,6,1:43.268,1:43.129,1:42.845
9339,1081,1,131,44,7,1:43.939,1:43.182,1:42.924
9340,1081,852,213,22,8,1:43.595,1:43.376,1:43.056
9341,1081,20,117,5,9,1:43.279,1:43.268,1:43.091
9342,1081,4,214,14,10,1:44.083,1:43.360,1:43.173
9343,1081,846,1,4,11,1:44.237,1:43.398,\N
9344,1081,817,1,3,12,1:44.437,1:43.574,\N
9345,1081,839,214,31,13,1:43.903,1:43.585,\N
9346,1081,855,51,24,14,1:43.777,1:43.790,\N
9347,1081,822,51,77,15,1:44.478,1:44.444,\N
9348,1081,825,210,20,16,1:44.643,\N,\N
9349,1081,848,3,23,17,1:44.719,\N,\N
9350,1081,849,3,6,18,1:45.367,\N,\N
9351,1081,840,117,18,19,1:45.371,\N,\N
9352,1081,854,210,47,20,1:45.775,\N,\N
9353,1082,830,9,1,1,1:32.219,1:23.746,1:21.299
9354,1082,4,214,14,2,1:32.277,1:24.848,1:21.944
9355,1082,832,6,55,3,1:32.781,1:25.197,1:22.096
9356,1082,1,131,44,4,1:33.841,1:25.543,1:22.891
9357,1082,825,210,20,5,1:32.957,1:26.254,1:22.960
9358,1082,854,210,47,6,1:33.707,1:25.684,1:23.356
9359,1082,839,214,31,7,1:33.012,1:26.135,1:23.529
9360,1082,847,131,63,8,1:33.160,1:24.950,1:23.557
9361,1082,817,1,3,9,1:33.636,1:26.375,1:23.749
9362,1082,855,51,24,10,1:33.692,1:26.116,1:24.030
9363,1082,822,51,77,11,1:33.689,1:26.788,\N
9364,1082,848,3,23,12,1:34.047,1:26.858,\N
9365,1082,815,9,11,13,1:33.929,1:33.127,\N
9366,1082,846,1,4,14,1:34.066,\N,\N
9367,1082,844,6,16,15,1:33.008,\N,\N
9368,1082,842,213,10,16,1:34.492,\N,\N
9369,1082,20,117,5,17,1:34.512,\N,\N
9370,1082,840,117,18,18,1:35.532,\N,\N
9371,1082,849,3,6,19,1:35.660,\N,\N
9372,1082,852,213,22,20,1:36.575,\N,\N
9373,1083,832,6,55,1,1:40.190,1:41.602,1:40.983
9374,1083,830,9,1,2,1:39.129,1:40.655,1:41.055
9375,1083,844,6,16,3,1:39.846,1:41.247,1:41.298
9376,1083,815,9,11,4,1:40.521,1:42.513,1:41.616
9377,1083,1,131,44,5,1:40.428,1:41.062,1:41.995
9378,1083,846,1,4,6,1:41.515,1:41.821,1:42.084
9379,1083,4,214,14,7,1:41.598,1:42.209,1:42.116
9380,1083,847,131,63,8,1:40.028,1:41.725,1:42.161
9381,1083,855,51,24,9,1:40.791,1:42.640,1:42.719
9382,1083,849,3,6,10,1:41.998,1:43.273,2:03.095
9383,1083,842,213,10,11,1:41.680,1:43.702,\N
9384,1083,822,51,77,12,1:41.396,1:44.232,\N
9385,1083,852,213,22,13,1:41.893,1:44.311,\N
9386,1083,817,1,3,14,1:41.933,1:44.355,\N
9387,1083,839,214,31,15,1:41.730,1:45.190,\N
9388,1083,848,3,23,16,1:42.078,\N,\N
9389,1083,825,210,20,17,1:42.159,\N,\N
9390,1083,20,117,5,18,1:42.666,\N,\N
9391,1083,854,210,47,19,1:42.708,\N,\N
9392,1083,840,117,18,20,1:43.430,\N,\N
9393,1084,830,9,1,1,1:05.852,1:05.374,1:04.984
9394,1084,844,6,16,2,1:05.419,1:05.287,1:05.013
9395,1084,832,6,55,3,1:05.660,1:05.576,1:05.066
9396,1084,847,131,63,4,1:06.235,1:05.697,1:05.431
9397,1084,839,214,31,5,1:06.468,1:05.993,1:05.726
9398,1084,825,210,20,6,1:06.366,1:05.894,1:05.879
9399,1084,854,210,47,7,1:06.405,1:06.151,1:06.011
9400,1084,4,214,14,8,1:06.016,1:06.082,1:06.103
9401,1084,1,131,44,9,1:06.079,1:05.475,1:13.151
9402,1084,842,213,10,10,1:06.589,1:06.160,\N
9403,1084,848,3,23,11,1:06.516,1:06.230,\N
9404,1084,822,51,77,12,1:06.442,1:06.319,\N
9405,1084,815,9,11,13,1:06.143,1:06.458,\N
9406,1084,852,213,22,14,1:06.463,1:06.851,\N
9407,1084,846,1,4,15,1:06.330,1:25.847,\N
9408,1084,817,1,3,16,1:06.613,\N,\N
9409,1084,840,117,18,17,1:06.847,\N,\N
9410,1084,855,51,24,18,1:06.901,\N,\N
9411,1084,849,3,6,19,1:07.003,\N,\N
9412,1084,20,117,5,20,1:07.083,\N,\N
9413,1085,844,6,16,1,1:31.727,1:31.216,1:30.872
9414,1085,830,9,1,2,1:31.891,1:31.990,1:31.176
9415,1085,815,9,11,3,1:32.354,1:32.120,1:31.335
9416,1085,1,131,44,4,1:33.041,1:32.274,1:31.765
9417,1085,846,1,4,5,1:32.672,1:32.777,1:32.032
9418,1085,847,131,63,6,1:33.109,1:32.633,1:32.131
9419,1085,4,214,14,7,1:32.819,1:32.631,1:32.552
9420,1085,852,213,22,8,1:33.394,1:32.836,1:32.780
9421,1085,832,6,55,9,1:32.297,1:31.081,\N
9422,1085,825,210,20,10,1:32.756,1:32.649,\N
9423,1085,817,1,3,11,1:33.404,1:32.922,\N
9424,1085,839,214,31,12,1:33.346,1:33.048,\N
9425,1085,822,51,77,13,1:33.034,1:33.052,\N
9426,1085,20,117,5,14,1:33.285,1:33.276,\N
9427,1085,848,3,23,15,1:33.423,1:33.307,\N
9428,1085,842,213,10,16,1:33.439,\N,\N
9429,1085,840,117,18,17,1:33.439,\N,\N
9430,1085,855,51,24,18,1:33.674,\N,\N
9431,1085,854,210,47,19,1:33.701,\N,\N
9432,1085,849,3,6,20,1:33.794,\N,\N
9433,1086,847,131,63,1,1:18.407,1:18.154,1:17.377
9434,1086,832,6,55,2,1:18.434,1:17.946,1:17.421
9435,1086,844,6,16,3,1:18.806,1:17.768,1:17.567
9436,1086,846,1,4,4,1:18.653,1:18.121,1:17.769
9437,1086,839,214,31,5,1:18.866,1:18.216,1:18.018
9438,1086,4,214,14,6,1:18.716,1:17.904,1:18.078
9439,1086,1,131,44,7,1:18.374,1:18.035,1:18.142
9440,1086,822,51,77,8,1:18.935,1:18.445,1:18.157
9441,1086,817,1,3,9,1:18.775,1:18.198,1:18.379
9442,1086,830,9,1,10,1:18.509,1:17.703,1:18.823
9443,1086,815,9,11,11,1:19.118,1:18.516,\N
9444,1086,855,51,24,12,1:18.973,1:18.573,\N
9445,1086,825,210,20,13,1:18.993,1:18.825,\N
9446,1086,840,117,18,14,1:19.205,1:19.137,\N
9447,1086,854,210,47,15,1:19.164,1:19.202,\N
9448,1086,852,213,22,16,1:19.240,\N,\N
9449,1086,848,3,23,17,1:19.256,\N,\N
9450,1086,20,117,5,18,1:19.273,\N,\N
9451,1086,842,213,10,19,1:19.527,\N,\N
9452,1086,849,3,6,20,1:19.570,\N,\N
9453,1087,830,9,1,1,1:44.581,1:44.723,1:43.665
9454,1087,832,6,55,2,1:45.050,1:45.418,1:44.297
9455,1087,815,9,11,3,1:45.377,1:44.794,1:44.462
9456,1087,844,6,16,4,1:45.572,1:44.551,1:44.553
9457,1087,839,214,31,5,1:46.039,1:45.475,1:45.180
9458,1087,4,214,14,6,1:46.075,1:45.552,1:45.368
9459,1087,1,131,44,7,1:45.736,1:45.420,1:45.503
9460,1087,847,131,63,8,1:45.650,1:45.461,1:45.776
9461,1087,848,3,23,9,1:45.672,1:45.675,1:45.837
9462,1087,846,1,4,10,1:45.745,1:45.603,1:46.178
9463,1087,817,1,3,11,1:46.212,1:45.767,\N
9464,1087,842,213,10,12,1:46.183,1:45.827,\N
9465,1087,855,51,24,13,1:46.178,1:46.085,\N
9466,1087,840,117,18,14,1:46.256,1:46.611,\N
9467,1087,854,210,47,15,1:46.342,1:47.718,\N
9468,1087,20,117,5,16,1:46.344,\N,\N
9469,1087,849,3,6,17,1:46.401,\N,\N
9470,1087,825,210,20,18,1:46.557,\N,\N
9471,1087,852,213,22,19,1:46.692,\N,\N
9472,1087,822,51,77,20,1:47.866,\N,\N
9473,1088,830,9,1,1,1:11.317,1:10.927,1:10.342
9474,1088,844,6,16,2,1:11.443,1:10.988,1:10.363
9475,1088,832,6,55,3,1:11.767,1:10.814,1:10.434
9476,1088,1,131,44,4,1:11.331,1:11.075,1:10.648
9477,1088,815,9,11,5,1:11.641,1:11.314,1:11.077
9478,1088,847,131,63,6,1:11.561,1:10.824,1:11.147
9479,1088,846,1,4,7,1:11.556,1:11.116,1:11.174
9480,1088,854,210,47,8,1:11.741,1:11.420,1:11.442
9481,1088,852,213,22,9,1:11.427,1:11.428,1:12.556
9482,1088,840,117,18,10,1:11.568,1:11.416,\N
9483,1088,842,213,10,11,1:11.705,1:11.512,\N
9484,1088,839,214,31,12,1:11.748,1:11.605,\N
9485,1088,4,214,14,13,1:11.667,1:11.613,\N
9486,1088,855,51,24,14,1:11.826,1:11.704,\N
9487,1088,848,3,23,15,1:11.695,1:11.802,\N
9488,1088,822,51,77,16,1:11.961,\N,\N
9489,1088,817,1,3,17,1:12.081,\N,\N
9490,1088,825,210,20,18,1:12.319,\N,\N
9491,1088,20,117,5,19,1:12.391,\N,\N
9492,1088,849,3,6,20,1:13.353,\N,\N
9493,1089,844,6,16,1,1:21.280,1:21.208,1:20.161
9494,1089,830,9,1,2,1:20.922,1:21.265,1:20.306
9495,1089,832,6,55,3,1:21.348,1:20.878,1:20.429
9496,1089,815,9,11,4,1:21.495,1:21.358,1:21.206
9497,1089,1,131,44,5,1:22.048,1:21.708,1:21.524
9498,1089,847,131,63,6,1:21.785,1:21.747,1:21.542
9499,1089,846,1,4,7,1:22.130,1:21.831,1:21.584
9500,1089,817,1,3,8,1:22.139,1:21.855,1:21.925
9501,1089,842,213,10,9,1:22.010,1:22.062,1:22.648
9502,1089,4,214,14,10,1:22.089,1:21.861,\N
9503,1089,839,214,31,11,1:22.166,1:22.130,\N
9504,1089,822,51,77,12,1:22.254,1:22.235,\N
9505,1089,856,3,45,13,1:22.567,1:22.471,\N
9506,1089,855,51,24,14,1:22.003,1:22.577,\N
9507,1089,852,213,22,15,1:22.020,\N,\N
9508,1089,849,3,6,16,1:22.587,\N,\N
9509,1089,20,117,5,17,1:22.636,\N,\N
9510,1089,840,117,18,18,1:22.748,\N,\N
9511,1089,825,210,20,19,1:22.908,\N,\N
9512,1089,854,210,47,20,1:23.005,\N,\N
9513,1091,844,6,16,1,1:54.129,1:52.343,1:49.412
9514,1091,815,9,11,2,1:54.404,1:52.818,1:49.434
9515,1091,1,131,44,3,1:53.161,1:52.691,1:49.466
9516,1091,832,6,55,4,1:54.559,1:53.219,1:49.583
9517,1091,4,214,14,5,1:55.360,1:53.127,1:49.966
9518,1091,846,1,4,6,1:55.914,1:53.942,1:50.584
9519,1091,842,213,10,7,1:55.606,1:53.546,1:51.211
9520,1091,830,9,1,8,1:53.057,1:52.723,1:51.395
9521,1091,825,210,20,9,1:55.103,1:54.006,1:51.573
9522,1091,852,213,22,10,1:55.314,1:53.848,1:51.983
9523,1091,847,131,63,11,1:54.633,1:54.012,\N
9524,1091,840,117,18,12,1:55.629,1:54.211,\N
9525,1091,854,210,47,13,1:55.736,1:54.370,\N
9526,1091,20,117,5,14,1:55.602,1:54.380,\N
9527,1091,855,51,24,15,1:55.375,1:55.518,\N
9528,1091,822,51,77,16,1:56.083,\N,\N
9529,1091,817,1,3,17,1:56.226,\N,\N
9530,1091,839,214,31,18,1:56.337,\N,\N
9531,1091,848,3,23,19,1:56.985,\N,\N
9532,1091,849,3,6,20,1:57.532,\N,\N
9533,1092,830,9,1,1,1:30.224,1:30.346,1:29.304
9534,1092,844,6,16,2,1:30.402,1:30.486,1:29.314
9535,1092,832,6,55,3,1:30.336,1:30.444,1:29.361
9536,1092,815,9,11,4,1:30.622,1:29.925,1:29.709
9537,1092,839,214,31,5,1:30.696,1:30.357,1:30.165
9538,1092,1,131,44,6,1:30.906,1:30.443,1:30.261
9539,1092,4,214,14,7,1:30.603,1:30.343,1:30.322
9540,1092,847,131,63,8,1:30.865,1:30.465,1:30.389
9541,1092,20,117,5,9,1:31.256,1:30.656,1:30.554
9542,1092,846,1,4,10,1:30.881,1:30.473,1:31.003
9543,1092,817,1,3,11,1:30.880,1:30.659,\N
9544,1092,822,51,77,12,1:31.226,1:30.709,\N
9545,1092,852,213,22,13,1:31.130,1:30.808,\N
9546,1092,855,51,24,14,1:30.894,1:30.953,\N
9547,1092,854,210,47,15,1:31.152,1:31.439,\N
9548,1092,848,3,23,16,1:31.311,\N,\N
9549,1092,842,213,10,17,1:31.322,\N,\N
9550,1092,825,210,20,18,1:31.352,\N,\N
9551,1092,840,117,18,19,1:31.419,\N,\N
9552,1092,849,3,6,20,1:31.511,\N,\N
9553,1093,832,6,55,1,1:35.297,1:35.590,1:34.356
9554,1093,844,6,16,2,1:35.795,1:35.246,1:34.421
9555,1093,830,9,1,3,1:35.864,1:35.294,1:34.448
9556,1093,815,9,11,4,1:36.163,1:35.864,1:34.645
9557,1093,1,131,44,5,1:36.148,1:35.732,1:34.947
9558,1093,847,131,63,6,1:36.195,1:35.692,1:34.988
9559,1093,840,117,18,7,1:36.860,1:36.032,1:35.598
9560,1093,846,1,4,8,1:36.465,1:36.341,1:35.690
9561,1093,4,214,14,9,1:36.446,1:35.988,1:35.876
9562,1093,822,51,77,10,1:36.746,1:36.321,1:36.319
9563,1093,848,3,23,11,1:36.932,1:36.368,\N
9564,1093,20,117,5,12,1:36.695,1:36.398,\N
9565,1093,842,213,10,13,1:36.577,1:36.740,\N
9566,1093,855,51,24,14,1:36.656,1:36.970,\N
9567,1093,852,213,22,15,1:36.808,1:37.147,\N
9568,1093,825,210,20,16,1:36.949,\N,\N
9569,1093,817,1,3,17,1:37.046,\N,\N
9570,1093,839,214,31,18,1:37.068,\N,\N
9571,1093,854,210,47,19,1:37.111,\N,\N
9572,1093,849,3,6,20,1:37.244,\N,\N
9573,1094,830,9,1,1,1:19.222,1:18.566,1:17.775
9574,1094,847,131,63,2,1:19.583,1:18.565,1:18.079
9575,1094,1,131,44,3,1:19.169,1:18.552,1:18.084
9576,1094,815,9,11,4,1:19.706,1:18.615,1:18.128
9577,1094,832,6,55,5,1:19.566,1:18.560,1:18.351
9578,1094,822,51,77,6,1:19.523,1:18.762,1:18.401
9579,1094,844,6,16,7,1:19.505,1:19.109,1:18.555
9580,1094,846,1,4,8,1:19.857,1:19.119,1:18.721
9581,1094,4,214,14,9,1:20.006,1:19.272,1:18.939
9582,1094,839,214,31,10,1:19.945,1:19.081,1:19.010
9583,1094,817,1,3,11,1:20.279,1:19.325,\N
9584,1094,855,51,24,12,1:20.283,1:19.476,\N
9585,1094,852,213,22,13,1:19.907,1:19.589,\N
9586,1094,842,213,10,14,1:20.256,1:19.672,\N
9587,1094,825,210,20,15,1:20.293,1:19.833,\N
9588,1094,854,210,47,16,1:20.419,\N,\N
9589,1094,20,117,5,17,1:20.419,\N,\N
9590,1094,840,117,18,18,1:20.520,\N,\N
9591,1094,848,3,23,19,1:20.859,\N,\N
9592,1094,849,3,6,20,1:21.167,\N,\N
9593,1095,825,210,20,1,1:13.954,1:11.410,1:11.674
9594,1095,830,9,1,2,1:13.625,1:10.881,1:11.877
9595,1095,847,131,63,3,1:14.427,1:11.318,1:12.059
9596,1095,846,1,4,4,1:13.106,1:11.377,1:12.263
9597,1095,832,6,55,5,1:14.680,1:10.890,1:12.357
9598,1095,839,214,31,6,1:14.663,1:11.587,1:12.425
9599,1095,4,214,14,7,1:13.542,1:11.394,1:12.504
9600,1095,1,131,44,8,1:13.403,1:11.539,1:12.611
9601,1095,815,9,11,9,1:13.613,1:11.456,1:15.601
9602,1095,844,6,16,10,1:14.486,1:10.950,\N
9603,1095,848,3,23,11,1:14.324,1:11.631,\N
9604,1095,842,213,10,12,1:14.371,1:11.675,\N
9605,1095,20,117,5,13,1:13.597,1:11.678,\N
9606,1095,817,1,3,14,1:14.931,1:12.140,\N
9607,1095,849,3,6,16,1:15.095,\N,\N
9608,1095,855,51,24,17,1:15.197,\N,\N
9609,1095,822,51,77,18,1:15.486,\N,\N
9610,1095,852,213,22,19,1:16.264,\N,\N
9611,1095,854,210,47,20,1:16.361,\N,\N
9612,1095,840,117,18,15,1:14.398,1:12.210,\N
9613,1096,830,9,1,1,1:24.754,1:24.622,1:23.824
9614,1096,815,9,11,2,1:24.820,1:24.419,1:24.052
9615,1096,844,6,16,3,1:25.211,1:24.517,1:24.092
9616,1096,832,6,55,4,1:25.090,1:24.521,1:24.242
9617,1096,1,131,44,5,1:25.594,1:24.774,1:24.508
9618,1096,847,131,63,6,1:25.545,1:24.940,1:24.511
9619,1096,846,1,4,7,1:25.387,1:24.903,1:24.769
9620,1096,839,214,31,8,1:25.735,1:25.007,1:24.830
9621,1096,20,117,5,9,1:25.523,1:24.974,1:24.961
9622,1096,817,1,3,10,1:25.766,1:25.068,1:25.045
9623,1096,4,214,14,11,1:25.782,1:25.096,\N
9624,1096,852,213,22,12,1:25.630,1:25.219,\N
9625,1096,854,210,47,13,1:25.711,1:25.225,\N
9626,1096,840,117,18,14,1:25.741,1:25.359,\N
9627,1096,855,51,24,15,1:25.594,1:25.408,\N
9628,1096,825,210,20,16,1:25.834,\N,\N
9629,1096,842,213,10,17,1:25.859,\N,\N
9630,1096,822,51,77,18,1:25.892,\N,\N
9631,1096,848,3,23,19,1:26.028,\N,\N
9632,1096,849,3,6,20,1:26.054,\N,\N
9633,1098,830,9,1,1,1:31.295,1:30.503,1:29.708
9634,1098,815,9,11,2,1:31.479,1:30.746,1:29.846
9635,1098,844,6,16,3,1:31.094,1:30.282,1:30.000
9636,1098,832,6,55,4,1:30.993,1:30.515,1:30.154
9637,1098,4,117,14,5,1:31.158,1:30.645,1:30.336
9638,1098,847,131,63,6,1:31.057,1:30.507,1:30.340
9639,1098,1,131,44,7,1:31.543,1:30.513,1:30.384
9640,1098,840,117,18,8,1:31.184,1:31.127,1:30.836
9641,1098,839,214,31,9,1:31.508,1:30.914,1:30.984
9642,1098,807,210,27,10,1:31.204,1:30.809,\N
9643,1098,846,1,4,11,1:31.652,1:31.381,\N
9644,1098,822,51,77,12,1:31.504,1:31.443,\N
9645,1098,855,51,24,13,1:31.615,1:31.473,\N
9646,1098,852,213,22,14,1:31.400,1:32.510,\N
9647,1098,848,3,23,15,1:31.461,\N,\N
9648,1098,858,3,2,16,1:31.652,\N,\N
9649,1098,825,210,20,17,1:31.892,\N,\N
9650,1098,857,1,81,18,1:32.101,\N,\N
9651,1098,856,213,21,19,1:32.121,\N,\N
9652,1098,842,214,10,20,1:32.181,\N,\N
9653,1099,815,9,11,1,1:29.244,1:28.635,1:28.265
9654,1099,844,6,16,2,1:29.376,1:28.903,1:28.420
9655,1099,4,117,14,3,1:29.298,1:28.757,1:28.730
9656,1099,847,131,63,4,1:29.592,1:29.132,1:28.857
9657,1099,832,6,55,5,1:29.411,1:28.957,1:28.931
9658,1099,840,117,18,6,1:29.335,1:28.962,1:28.945
9659,1099,839,214,31,7,1:29.707,1:29.255,1:29.078
9660,1099,1,131,44,8,1:29.689,1:29.374,1:29.223
9661,1099,857,1,81,9,1:29.706,1:29.378,1:29.243
9662,1099,842,214,10,10,1:29.890,1:29.411,1:29.357
9663,1099,807,210,27,11,1:29.547,1:29.451,\N
9664,1099,855,51,24,12,1:29.654,1:29.461,\N
9665,1099,825,210,20,13,1:29.744,1:29.634,\N
9666,1099,822,51,77,14,1:29.929,1:29.668,\N
9667,1099,830,9,1,15,1:28.761,1:49.953,\N
9668,1099,852,213,22,16,1:29.939,\N,\N
9669,1099,848,3,23,17,1:29.994,\N,\N
9670,1099,856,213,21,18,1:30.244,\N,\N
9671,1099,846,1,4,19,1:30.447,\N,\N
9672,1099,858,3,2,20,2:08.510,\N,\N
9673,1100,830,9,1,1,1:17.384,1:17.056,1:16.732
9674,1100,847,131,63,2,1:17.654,1:17.513,1:16.968
9675,1100,1,131,44,3,1:17.689,1:17.551,1:17.104
9676,1100,4,117,14,4,1:17.832,1:17.283,1:17.139
9677,1100,832,6,55,5,1:17.928,1:17.349,1:17.270
9678,1100,840,117,18,6,1:17.873,1:17.616,1:17.308
9679,1100,844,6,16,7,1:18.218,1:17.390,1:17.369
9680,1100,848,3,23,8,1:17.962,1:17.761,1:17.609
9681,1100,842,214,10,9,1:18.312,1:17.574,1:17.675
9682,1100,807,210,27,10,1:18.029,1:17.412,1:17.735
9683,1100,839,214,31,11,1:17.770,1:17.768,\N
9684,1100,852,213,22,12,1:18.471,1:18.099,\N
9685,1100,846,1,4,13,1:18.243,1:18.119,\N
9686,1100,825,210,20,14,1:18.159,1:18.129,\N
9687,1100,856,213,21,15,1:18.450,1:18.335,\N
9688,1100,857,1,81,16,1:18.517,\N,\N
9689,1100,855,51,24,17,1:18.540,\N,\N
9690,1100,858,3,2,18,1:18.557,\N,\N
9691,1100,822,51,77,19,1:18.714,\N,\N
9692,1100,815,9,11,20,\N,\N,\N
9693,1101,844,6,16,1,1:41.269,1:41.037,1:40.203
9694,1101,830,9,1,2,1:41.398,1:40.822,1:40.391
9695,1101,815,9,11,3,1:41.756,1:41.131,1:40.495
9696,1101,832,6,55,4,1:42.197,1:41.369,1:41.016
9697,1101,1,131,44,5,1:42.113,1:41.650,1:41.177
9698,1101,4,117,14,6,1:41.720,1:41.370,1:41.253
9699,1101,846,1,4,7,1:42.154,1:41.485,1:41.281
9700,1101,852,213,22,8,1:42.234,1:41.569,1:41.581
9701,1101,840,117,18,9,1:42.524,1:41.576,1:41.611
9702,1101,857,1,81,10,1:42.455,1:41.636,1:41.611
9703,1101,847,131,63,11,1:42.073,1:41.654,\N
9704,1101,839,214,31,12,1:42.622,1:41.798,\N
9705,1101,848,3,23,13,1:42.171,1:41.818,\N
9706,1101,822,51,77,14,1:42.582,1:42.259,\N
9707,1101,858,3,2,15,1:42.242,1:42.395,\N
9708,1101,855,51,24,16,1:42.642,\N,\N
9709,1101,807,210,27,17,1:42.755,\N,\N
9710,1101,825,210,20,18,1:43.417,\N,\N
9711,1101,842,214,10,19,1:44.853,\N,\N
9712,1101,856,213,21,20,\N,\N,\N
9713,1102,815,9,11,1,1:27.713,1:27.328,1:26.841
9714,1102,4,117,14,2,1:28.179,1:27.097,1:27.202
9715,1102,832,6,55,3,1:27.686,1:27.148,1:27.349
9716,1102,825,210,20,4,1:27.809,1:27.673,1:27.767
9717,1102,842,214,10,5,1:28.061,1:27.612,1:27.786
9718,1102,847,131,63,6,1:28.086,1:27.743,1:27.804
9719,1102,844,6,16,7,1:27.713,1:26.964,1:27.861
9720,1102,839,214,31,8,1:27.872,1:27.444,1:27.935
9721,1102,830,9,1,9,1:27.363,1:26.814,\N
9722,1102,822,51,77,10,1:27.864,1:27.564,\N
9723,1102,848,3,23,11,1:28.234,1:27.795,\N
9724,1102,807,210,27,12,1:27.945,1:27.903,\N
9725,1102,1,131,44,13,1:27.846,1:27.975,\N
9726,1102,855,51,24,14,1:28.180,1:28.091,\N
9727,1102,856,213,21,15,1:28.325,1:28.395,\N
9728,1102,846,1,4,16,1:28.394,\N,\N
9729,1102,852,213,22,17,1:28.429,\N,\N
9730,1102,840,117,18,18,1:28.476,\N,\N
9731,1102,857,1,81,19,1:28.484,\N,\N
9732,1102,858,3,2,20,1:28.577,\N,\N
9733,1104,830,9,1,1,1:12.386,1:11.908,1:11.365
9734,1104,4,117,14,2,1:12.886,1:12.107,1:11.449
9735,1104,844,6,16,3,1:12.912,1:12.103,1:11.471
9736,1104,839,214,31,4,1:12.967,1:12.248,1:11.553
9737,1104,832,6,55,5,1:12.717,1:12.210,1:11.630
9738,1104,1,131,44,6,1:12.872,1:12.156,1:11.725
9739,1104,842,214,10,7,1:13.033,1:12.169,1:11.933
9740,1104,847,131,63,8,1:12.769,1:12.151,1:11.964
9741,1104,852,213,22,9,1:12.642,1:12.249,1:12.082
9742,1104,846,1,4,10,1:12.877,1:12.377,1:12.254
9743,1104,857,1,81,11,1:13.006,1:12.395,\N
9744,1104,856,213,21,12,1:13.054,1:12.428,\N
9745,1104,848,3,23,13,1:12.706,1:12.527,\N
9746,1104,840,117,18,14,1:12.722,1:12.623,\N
9747,1104,822,51,77,15,1:13.038,1:12.625,\N
9748,1104,858,3,2,16,1:13.113,\N,\N
9749,1104,825,210,20,17,1:13.270,\N,\N
9750,1104,807,210,27,18,1:13.279,\N,\N
9751,1104,855,51,24,19,1:13.523,\N,\N
9752,1104,815,9,11,20,1:13.850,\N,\N
9753,1105,830,9,1,1,1:13.615,1:12.760,1:12.272
9754,1105,832,6,55,2,1:13.411,1:12.790,1:12.734
9755,1105,846,1,4,3,1:13.295,1:12.776,1:12.792
9756,1105,842,214,10,4,1:13.471,1:13.186,1:12.816
9757,1105,1,131,44,5,1:12.937,1:12.999,1:12.818
9758,1105,840,117,18,6,1:13.766,1:13.082,1:12.994
9759,1105,839,214,31,7,1:13.433,1:13.001,1:13.083
9760,1105,807,210,27,8,1:13.420,1:13.283,1:13.229
9761,1105,4,117,14,9,1:13.747,1:13.098,1:13.507
9762,1105,857,1,81,10,1:13.691,1:13.059,1:13.682
9763,1105,815,9,11,11,1:13.874,1:13.334,\N
9764,1105,847,131,63,12,1:13.326,1:13.447,\N
9765,1105,855,51,24,13,1:13.677,1:13.521,\N
9766,1105,856,213,21,14,1:13.581,1:14.083,\N
9767,1105,852,213,22,15,1:13.862,1:14.477,\N
9768,1105,822,51,77,16,1:13.977,\N,\N
9769,1105,825,210,20,17,1:14.042,\N,\N
9770,1105,848,3,23,18,1:14.063,\N,\N
9771,1105,844,6,16,19,1:14.079,\N,\N
9772,1105,858,3,2,20,1:14.699,\N,\N
9773,1106,830,9,1,1,1:20.851,1:19.092,1:25.858
9774,1106,807,210,27,2,1:22.730,1:20.305,1:27.102
9775,1106,4,117,14,3,1:21.481,1:19.776,1:27.286
9776,1106,1,131,44,4,1:21.554,1:20.426,1:27.627
9777,1106,847,131,63,5,1:21.798,1:20.098,1:27.893
9778,1106,839,214,31,6,1:22.114,1:20.406,1:27.945
9779,1106,846,1,4,7,1:21.998,1:19.347,1:28.046
9780,1106,832,6,55,8,1:22.248,1:19.856,1:29.294
9781,1106,857,1,81,9,1:22.190,1:19.659,1:31.349
9782,1106,848,3,23,10,1:21.938,1:18.725,\N
9783,1106,844,6,16,11,1:21.843,1:20.615,\N
9784,1106,815,9,11,12,1:22.151,1:20.959,\N
9785,1106,840,117,18,13,1:22.677,1:21.484,\N
9786,1106,825,210,20,14,1:22.351,1:21.678,\N
9787,1106,822,51,77,15,1:22.332,1:21.821,\N
9788,1106,852,213,22,16,1:22.746,\N,\N
9789,1106,842,214,10,17,1:22.886,\N,\N
9790,1106,856,213,21,18,1:23.137,\N,\N
9791,1106,858,3,2,19,1:23.337,\N,\N
9792,1106,855,51,24,20,1:23.342,\N,\N
9793,1107,830,9,1,1,1:05.116,1:04.951,1:04.391
9794,1107,844,6,16,2,1:05.577,1:05.087,1:04.439
9795,1107,832,6,55,3,1:05.339,1:04.975,1:04.581
9796,1107,846,1,4,4,1:05.617,1:05.038,1:04.658
9797,1107,1,131,44,5,1:05.673,1:05.188,1:04.819
9798,1107,840,117,18,6,1:05.710,1:05.121,1:04.893
9799,1107,4,117,14,7,1:05.655,1:05.181,1:04.911
9800,1107,807,210,27,8,1:05.740,1:05.362,1:05.090
9801,1107,842,214,10,9,1:05.515,1:05.308,1:05.170
9802,1107,848,3,23,10,1:05.673,1:05.387,1:05.823
9803,1107,847,131,63,11,1:05.686,1:05.428,\N
9804,1107,839,214,31,12,1:05.729,1:05.453,\N
9805,1107,857,1,81,13,1:05.683,1:05.605,\N
9806,1107,822,51,77,14,1:05.763,1:05.680,\N
9807,1107,815,9,11,15,1:05.177,2:06.688,\N
9808,1107,852,213,22,16,1:05.784,\N,\N
9809,1107,855,51,24,17,1:05.818,\N,\N
9810,1107,858,3,2,18,1:05.948,\N,\N
9811,1107,825,210,20,19,1:05.971,\N,\N
9812,1107,856,213,21,20,1:05.974,\N,\N
9813,1108,830,9,1,1,1:29.428,1:27.702,1:26.720
9814,1108,846,1,4,2,1:28.917,1:28.042,1:26.961
9815,1108,857,1,81,3,1:29.874,1:27.845,1:27.092
9816,1108,844,6,16,4,1:29.143,1:28.361,1:27.136
9817,1108,832,6,55,5,1:29.865,1:28.265,1:27.148
9818,1108,847,131,63,6,1:29.412,1:28.782,1:27.155
9819,1108,1,131,44,7,1:29.415,1:28.545,1:27.211
9820,1108,848,3,23,8,1:29.466,1:28.067,1:27.530
9821,1108,4,117,14,9,1:29.949,1:28.368,1:27.659
9822,1108,842,214,10,10,1:29.533,1:28.751,1:27.689
9823,1108,807,210,27,11,1:29.603,1:28.896,\N
9824,1108,840,117,18,12,1:29.448,1:28.935,\N
9825,1108,839,214,31,13,1:29.700,1:28.956,\N
9826,1108,858,3,2,14,1:29.873,1:29.031,\N
9827,1108,822,51,77,15,1:29.798,\N,\N
9828,1108,815,9,11,16,1:29.968,\N,\N
9829,1108,852,213,22,17,1:30.025,\N,\N
9830,1108,855,51,24,18,1:30.123,\N,\N
9831,1108,856,213,21,19,1:30.513,\N,\N
9832,1108,825,210,20,20,1:32.378,\N,\N
9833,1109,1,131,44,1,1:18.577,1:17.427,1:16.609
9834,1109,830,9,1,2,1:18.318,1:17.547,1:16.612
9835,1109,846,1,4,3,1:18.697,1:17.328,1:16.694
9836,1109,857,1,81,4,1:18.464,1:17.571,1:16.905
9837,1109,855,51,24,5,1:18.143,1:17.700,1:16.971
9838,1109,844,6,16,6,1:18.440,1:17.580,1:16.992
9839,1109,822,51,77,7,1:18.775,1:17.563,1:17.034
9840,1109,4,117,14,8,1:18.580,1:17.701,1:17.035
9841,1109,815,9,11,9,1:18.360,1:17.675,1:17.045
9842,1109,807,210,27,10,1:18.695,1:17.652,1:17.186
9843,1109,832,6,55,11,1:18.393,1:17.703,\N
9844,1109,839,214,31,12,1:18.854,1:17.841,\N
9845,1109,817,213,3,13,1:18.906,1:18.002,\N
9846,1109,840,117,18,14,1:18.782,1:18.144,\N
9847,1109,842,214,10,15,1:18.743,1:18.217,\N
9848,1109,848,3,23,16,1:18.917,\N,\N
9849,1109,852,213,22,17,1:18.919,\N,\N
9850,1109,847,131,63,18,1:19.027,\N,\N
9851,1109,825,210,20,19,1:19.206,\N,\N
9852,1109,858,3,2,20,1:19.248,\N,\N
9853,1110,830,9,1,1,1:58.515,1:52.784,1:46.168
9854,1110,844,6,16,2,1:58.300,1:52.017,1:46.988
9855,1110,815,9,11,3,1:58.899,1:52.353,1:47.045
9856,1110,1,131,44,4,1:58.563,1:52.345,1:47.087
9857,1110,832,6,55,5,1:58.688,1:51.711,1:47.152
9858,1110,857,1,81,6,1:58.872,1:51.534,1:47.365
9859,1110,846,1,4,7,1:59.981,1:52.252,1:47.669
9860,1110,847,131,63,8,1:59.035,1:52.605,1:47.805
9861,1110,4,117,14,9,1:58.834,1:52.751,1:47.843
9862,1110,840,117,18,10,1:59.663,1:52.193,1:48.841
9863,1110,852,213,22,11,1:59.044,1:53.148,\N
9864,1110,842,214,10,12,1:59.511,1:53.671,\N
9865,1110,825,210,20,13,2:00.020,1:54.160,\N
9866,1110,822,51,77,14,1:59.484,1:54.694,\N
9867,1110,839,214,31,15,1:59.634,1:56.372,\N
9868,1110,848,3,23,16,2:00.314,\N,\N
9869,1110,855,51,24,17,2:00.832,\N,\N
9870,1110,858,3,2,18,2:01.535,\N,\N
9871,1110,817,213,3,19,2:02.159,\N,\N
9872,1110,807,210,27,20,2:03.166,\N,\N
9873,1111,830,9,1,1,1:20.965,1:18.856,1:10.567
9874,1111,846,1,4,2,1:21.276,1:19.769,1:11.104
9875,1111,847,131,63,3,1:21.345,1:19.620,1:11.294
9876,1111,848,3,23,4,1:20.939,1:19.399,1:11.419
9877,1111,4,117,14,5,1:21.840,1:19.429,1:11.506
9878,1111,832,6,55,6,1:21.321,1:19.929,1:11.754
9879,1111,815,9,11,7,1:21.972,1:19.856,1:11.880
9880,1111,857,1,81,8,1:21.231,1:19.392,1:11.938
9881,1111,844,6,16,9,1:22.019,1:19.600,1:12.665
9882,1111,858,3,2,10,1:22.036,1:20.067,1:16.748
9883,1111,840,117,18,11,1:21.570,1:20.121,\N
9884,1111,842,214,10,12,1:21.735,1:20.128,\N
9885,1111,1,131,44,13,1:21.919,1:20.151,\N
9886,1111,852,213,22,14,1:21.781,1:20.230,\N
9887,1111,807,210,27,15,1:21.891,1:20.250,\N
9888,1111,855,51,24,16,1:22.067,\N,\N
9889,1111,839,214,31,17,1:22.110,\N,\N
9890,1111,825,210,20,18,1:22.192,\N,\N
9891,1111,822,51,77,19,1:22.260,\N,\N
9892,1111,859,213,40,20,1:23.420,\N,\N
9893,1112,832,6,55,1,1:21.965,1:20.991,1:20.294
9894,1112,830,9,1,2,1:21.573,1:20.937,1:20.307
9895,1112,844,6,16,3,1:21.788,1:20.977,1:20.361
9896,1112,847,131,63,4,1:22.148,1:21.382,1:20.671
9897,1112,815,9,11,5,1:21.911,1:21.240,1:20.688
9898,1112,848,3,23,6,1:21.661,1:21.272,1:20.760
9899,1112,857,1,81,7,1:22.106,1:21.527,1:20.785
9900,1112,1,131,44,8,1:21.977,1:21.369,1:20.820
9901,1112,846,1,4,9,1:21.995,1:21.581,1:20.979
9902,1112,4,117,14,10,1:22.043,1:21.543,1:21.417
9903,1112,852,213,22,11,1:21.852,1:21.594,\N
9904,1112,859,213,40,12,1:22.112,1:21.758,\N
9905,1112,807,210,27,13,1:22.343,1:21.776,\N
9906,1112,822,51,77,14,1:22.249,1:21.940,\N
9907,1112,858,3,2,15,1:21.930,1:21.944,\N
9908,1112,855,51,24,16,1:22.390,\N,\N
9909,1112,842,214,10,17,1:22.545,\N,\N
9910,1112,839,214,31,18,1:22.548,\N,\N
9911,1112,825,210,20,19,1:22.592,\N,\N
9912,1112,840,117,18,20,1:22.860,\N,\N
9913,1113,832,6,55,1,1:32.339,1:31.439,1:30.984
9914,1113,847,131,63,2,1:32.331,1:31.743,1:31.056
9915,1113,844,6,16,3,1:32.406,1:32.012,1:31.063
9916,1113,846,1,4,4,1:32.483,1:31.951,1:31.270
9917,1113,1,131,44,5,1:32.651,1:32.019,1:31.485
9918,1113,825,210,20,6,1:32.242,1:31.892,1:31.575
9919,1113,4,117,14,7,1:32.584,1:31.835,1:31.615
9920,1113,839,214,31,8,1:32.369,1:32.089,1:31.673
9921,1113,807,210,27,9,1:32.100,1:31.994,1:31.808
9922,1113,859,213,40,10,1:32.215,1:32.166,1:32.268
9923,1113,830,9,1,11,1:32.398,1:32.173,\N
9924,1113,842,214,10,12,1:32.452,1:32.274,\N
9925,1113,815,9,11,13,1:32.099,1:32.310,\N
9926,1113,848,3,23,14,1:32.668,1:33.719,\N
9927,1113,852,213,22,15,1:31.991,\N,\N
9928,1113,822,51,77,16,1:32.809,\N,\N
9929,1113,857,1,81,17,1:32.902,\N,\N
9930,1113,858,3,2,18,1:33.252,\N,\N
9931,1113,855,51,24,19,1:33.258,\N,\N
9932,1113,840,117,18,20,1:33.397,\N,\N
9933,1114,830,9,1,1,1:29.878,1:29.964,1:28.877
9934,1114,857,1,81,2,1:30.439,1:30.122,1:29.458
9935,1114,846,1,4,3,1:30.063,1:30.296,1:29.493
9936,1114,844,6,16,4,1:30.393,1:29.940,1:29.542
9937,1114,815,9,11,5,1:30.652,1:29.965,1:29.650
9938,1114,832,6,55,6,1:30.651,1:30.067,1:29.850
9939,1114,1,131,44,7,1:30.811,1:30.040,1:29.908
9940,1114,847,131,63,8,1:30.811,1:30.268,1:30.219
9941,1114,852,213,22,9,1:30.733,1:30.204,1:30.303
9942,1114,4,117,14,10,1:30.971,1:30.465,1:30.560
9943,1114,859,213,40,11,1:30.425,1:30.508,\N
9944,1114,842,214,10,12,1:30.843,1:30.509,\N
9945,1114,848,3,23,13,1:30.941,1:30.537,\N
9946,1114,839,214,31,14,1:30.960,1:30.586,\N
9947,1114,825,210,20,15,1:30.976,1:30.665,\N
9948,1114,822,51,77,16,1:31.049,\N,\N
9949,1114,840,117,18,17,1:31.181,\N,\N
9950,1114,807,210,27,18,1:31.299,\N,\N
9951,1114,855,51,24,19,1:31.398,\N,\N
9952,1114,858,3,2,20,\N,\N,\N
9953,1115,830,9,1,1,1:25.007,1:24.483,1:23.778
9954,1115,847,131,63,2,1:25.334,1:24.827,1:24.219
9955,1115,1,131,44,3,1:26.076,1:24.381,1:24.305
9956,1115,4,117,14,4,1:25.223,1:25.241,1:24.369
9957,1115,844,6,16,5,1:25.452,1:25.079,1:24.424
9958,1115,857,1,81,6,1:25.266,1:24.724,1:24.540
9959,1115,842,214,10,7,1:25.566,1:24.918,1:24.553
9960,1115,839,214,31,8,1:25.711,1:24.928,1:24.763
9961,1115,822,51,77,9,1:26.038,1:25.297,1:25.058
9962,1115,846,1,4,10,1:25.131,1:24.685,\N
9963,1115,852,213,22,11,1:26.058,1:25.301,\N
9964,1115,832,6,55,12,1:25.808,1:25.328,\N
9965,1115,815,9,11,13,1:25.991,1:25.462,\N
9966,1115,848,3,23,14,1:26.118,1:25.707,\N
9967,1115,807,210,27,15,1:25.904,1:25.783,\N
9968,1115,858,3,2,16,1:26.210,\N,\N
9969,1115,840,117,18,17,1:26.345,\N,\N
9970,1115,859,213,40,18,1:26.635,\N,\N
9971,1115,825,210,20,19,1:27.046,\N,\N
9972,1115,855,51,24,20,1:27.432,\N,\N
9973,1116,844,6,16,1,1:36.061,1:35.004,1:34.723
9974,1116,846,1,4,2,1:35.110,1:35.441,1:34.853
9975,1116,1,131,44,3,1:35.091,1:35.240,1:34.862
9976,1116,832,6,55,4,1:35.824,1:35.302,1:34.945
9977,1116,847,131,63,5,1:36.165,1:35.606,1:35.079
9978,1116,830,9,1,6,1:35.346,1:35.008,1:35.081
9979,1116,842,214,10,7,1:36.158,1:35.496,1:35.089
9980,1116,839,214,31,8,1:36.131,1:35.413,1:35.154
9981,1116,815,9,11,9,1:35.989,1:35.679,1:35.173
9982,1116,857,1,81,10,1:36.064,1:35.576,1:35.467
9983,1116,852,213,22,11,1:35.913,1:35.697,\N
9984,1116,855,51,24,12,1:36.052,1:35.698,\N
9985,1116,822,51,77,13,1:36.082,1:35.858,\N
9986,1116,825,210,20,14,1:36.009,1:35.880,\N
9987,1116,817,213,3,15,1:36.213,1:35.974,\N
9988,1116,807,210,27,16,1:36.235,\N,\N
9989,1116,4,117,14,17,1:36.268,\N,\N
9990,1116,848,3,23,18,1:36.315,\N,\N
9991,1116,840,117,18,19,1:36.589,\N,\N
9992,1116,858,3,2,20,1:36.827,\N,\N
9993,1117,844,6,16,1,1:18.401,1:17.901,1:17.166
9994,1117,832,6,55,2,1:18.755,1:18.382,1:17.233
9995,1117,830,9,1,3,1:18.099,1:17.625,1:17.263
9996,1117,817,213,3,4,1:18.341,1:17.706,1:17.382
9997,1117,815,9,11,5,1:18.553,1:18.124,1:17.423
9998,1117,1,131,44,6,1:18.677,1:17.571,1:17.454
9999,1117,857,1,81,7,1:18.241,1:17.874,1:17.623
10000,1117,847,131,63,8,1:18.893,1:17.673,1:17.674
10001,1117,822,51,77,9,1:18.429,1:18.016,1:18.032
10002,1117,855,51,24,10,1:19.016,1:18.440,1:18.050
10003,1117,842,214,10,11,1:18.945,1:18.521,\N
10004,1117,807,210,27,12,1:18.969,1:18.524,\N
10005,1117,4,117,14,13,1:18.848,1:18.738,\N
10006,1117,848,3,23,14,1:18.828,1:19.147,\N
10007,1117,852,213,22,15,1:18.890,\N,\N
10008,1117,839,214,31,16,1:19.080,\N,\N
10009,1117,825,210,20,17,1:19.163,\N,\N
10010,1117,840,117,18,18,1:19.227,\N,\N
10011,1117,846,1,4,19,1:21.554,\N,\N
10012,1117,858,3,2,20,\N,\N,\N
10013,1118,830,9,1,1,1:10.436,1:10.162,1:10.727
10014,1118,844,6,16,2,1:10.472,1:10.303,1:11.021
10015,1118,840,117,18,3,1:10.551,1:10.375,1:11.344
10016,1118,4,117,14,4,1:10.557,1:10.237,1:11.387
10017,1118,1,131,44,5,1:10.604,1:10.266,1:11.469
10018,1118,847,131,63,6,1:10.340,1:10.316,1:11.590
10019,1118,846,1,4,7,1:10.623,1:10.021,1:11.987
10020,1118,832,6,55,8,1:10.624,1:10.254,1:11.989
10021,1118,815,9,11,9,1:10.668,1:10.219,1:12.321
10022,1118,857,1,81,10,1:10.519,1:10.330,\N
10023,1118,807,210,27,11,1:10.475,1:10.547,\N
10024,1118,839,214,31,12,1:10.763,1:10.562,\N
10025,1118,842,214,10,13,1:10.793,1:10.567,\N
10026,1118,825,210,20,14,1:10.602,1:10.723,\N
10027,1118,848,3,23,15,1:10.621,1:10.840,\N
10028,1118,852,213,22,16,1:10.837,\N,\N
10029,1118,817,213,3,17,1:10.843,\N,\N
10030,1118,822,51,77,18,1:10.955,\N,\N
10031,1118,858,3,2,19,1:11.035,\N,\N
10032,1118,855,51,24,20,1:11.275,\N,\N
10033,1119,844,6,16,1,1:33.617,1:32.775,1:32.726
10034,1119,832,6,55,2,1:33.851,1:33.338,1:32.770
10035,1119,830,9,1,3,1:34.190,1:33.572,1:33.104
10036,1119,847,131,63,4,1:34.137,1:33.351,1:33.112
10037,1119,842,214,10,5,1:34.272,1:33.494,1:33.239
10038,1119,848,3,23,6,1:34.634,1:33.588,1:33.323
10039,1119,858,3,2,7,1:34.525,1:33.733,1:33.513
10040,1119,822,51,77,8,1:34.305,1:33.809,1:33.525
10041,1119,825,210,20,9,1:34.337,1:33.664,1:33.537
10042,1119,4,117,14,10,1:34.422,1:33.617,1:33.555
10043,1119,1,131,44,11,1:34.307,1:33.837,\N
10044,1119,815,9,11,12,1:34.574,1:33.855,\N
10045,1119,807,210,27,13,1:34.265,1:33.979,\N
10046,1119,840,117,18,14,1:34.504,1:34.199,\N
10047,1119,817,213,3,15,1:34.683,1:34.308,\N
10048,1119,846,1,4,16,1:34.703,\N,\N
10049,1119,839,214,31,17,1:34.834,\N,\N
10050,1119,855,51,24,18,1:34.849,\N,\N
10051,1119,857,1,81,19,1:34.850,\N,\N
10052,1119,852,213,22,20,1:36.447,\N,\N
10053,1120,830,9,1,1,1:24.160,1:23.740,1:23.445
10054,1120,844,6,16,2,1:24.459,1:23.969,1:23.584
10055,1120,857,1,81,3,1:24.487,1:24.278,1:23.782
10056,1120,847,131,63,4,1:24.337,1:24.013,1:23.788
10057,1120,846,1,4,5,1:24.368,1:23.920,1:23.816
10058,1120,852,213,22,6,1:24.286,1:24.207,1:23.968
10059,1120,4,117,14,7,1:24.501,1:24.131,1:24.084
10060,1120,807,210,27,8,1:24.425,1:24.213,1:24.108
10061,1120,815,9,11,9,1:24.209,1:24.116,1:24.171
10062,1120,842,214,10,10,1:24.600,1:24.078,1:24.548
10063,1120,1,131,44,11,1:24.437,1:24.359,
10064,1120,839,214,31,12,1:24.565,1:24.391,
10065,1120,840,117,18,13,1:24.405,1:24.422,
10066,1120,848,3,23,14,1:24.298,1:24.439,
10067,1120,817,213,3,15,1:24.461,1:24.442,
10068,1120,832,6,55,16,1:24.738,,
10069,1120,825,210,20,17,1:24.764,,
10070,1120,822,51,77,18,1:24.788,,
10071,1120,855,51,24,19,1:25.159,,
10072,1120,858,3,2,20,\N,\N,\N
10073,1121,830,9,1,1,1:30.031,1:29.374,1:29.179
10074,1121,844,6,16,2,1:30.243,1:29.165,1:29.407
10075,1121,847,131,63,3,1:30.350,1:29.922,1:29.485
10076,1121,832,6,55,4,1:29.909,1:29.573,1:29.507
10077,1121,815,9,11,5,1:30.221,1:29.932,1:29.537
10078,1121,4,117,14,6,1:30.179,1:29.801,1:29.542
10079,1121,846,1,4,7,1:30.143,1:29.941,1:29.614
10080,1121,857,1,81,8,1:30.531,1:30.122,1:29.683
10081,1121,1,131,44,9,1:30.451,1:29.718,1:29.710
10082,1121,807,210,27,10,1:30.566,1:29.851,1:30.502
10083,1121,852,215,22,11,1:30.481,1:30.129,\N
10084,1121,840,117,18,12,1:29.965,1:30.200,\N
10085,1121,848,3,23,13,1:30.397,1:30.221,\N
10086,1121,817,215,3,14,1:30.562,1:30.278,\N
10087,1121,825,210,20,15,1:30.646,1:30.529,\N
10088,1121,822,15,77,16,1:30.756,\N,\N
10089,1121,855,15,24,17,1:30.757,\N,\N
10090,1121,858,3,2,18,1:30.770,\N,\N
10091,1121,839,214,31,19,1:30.793,\N,\N
10092,1121,842,214,10,20,1:30.948,\N,\N
10093,1122,830,9,1,1,1:28.171,1:28.033,1:27.472
10094,1122,844,6,16,2,1:28.318,1:28.112,1:27.791
10095,1122,815,9,11,3,1:28.638,1:28.467,1:27.807
10096,1122,4,117,14,4,1:28.706,1:28.122,1:27.846
10097,1122,857,1,81,5,1:28.755,1:28.343,1:28.089
10098,1122,846,1,4,6,1:28.805,1:28.479,1:28.132
10099,1122,847,131,63,7,1:28.749,1:28.448,1:28.316
10100,1122,1,131,44,8,1:28.994,1:28.606,1:28.460
10101,1122,852,215,22,9,1:28.988,1:28.564,1:28.547
10102,1122,840,117,18,10,1:28.250,1:28.578,1:28.572
10103,1122,860,6,38,11,1:28.984,1:28.642,
10104,1122,848,3,23,12,1:29.107,1:28.980,
10105,1122,825,210,20,13,1:29.069,1:29.020,
10106,1122,817,215,3,14,1:29.065,1:29.025,
10107,1122,807,210,27,15,1:29.055,,
10108,1122,822,15,77,16,1:29.179,,
10109,1122,839,214,31,17,1:29.475,,
10110,1122,842,214,10,18,1:29.479,,
10111,1122,858,3,2,19,1:29.526,,
10112,1122,855,15,24,20,\N,\N,\N
10113,1123,830,9,1,1,1:16.819,1:16.387,1:15.915
10114,1123,832,6,55,2,1:16.731,1:16.189,1:16.185
10115,1123,815,9,11,3,1:16.805,1:16.631,1:16.274
10116,1123,846,1,4,4,1:17.430,1:16.750,1:16.315
10117,1123,844,6,16,5,1:16.984,1:16.304,1:16.435
10118,1123,857,1,81,6,1:17.369,1:16.601,1:16.572
10119,1123,847,131,63,7,1:17.062,1:16.901,1:16.724
10120,1123,852,215,22,8,1:17.356,1:16.791,1:16.788
10121,1123,840,117,18,9,1:17.376,1:16.780,1:17.072
10122,1123,4,117,14,10,1:16.991,1:16.710,1:17.552
10123,1123,1,131,44,11,1:17.499,1:16.960,\N
10124,1123,848,3,23,12,1:17.130,1:17.167,\N
10125,1123,822,15,77,13,1:17.543,1:17.340,\N
10126,1123,825,210,20,14,1:17.709,1:17.427,\N
10127,1123,839,214,31,15,1:17.617,1:17.697,\N
10128,1123,807,210,27,16,1:17.976,\N,\N
10129,1123,842,214,10,17,1:17.982,\N,\N
10130,1123,817,215,3,18,1:18.085,\N,\N
10131,1123,855,15,24,19,1:18.188,\N,\N
10132,1124,830,9,1,1,1:28.866,1:28.740,1:28.197
10133,1124,815,9,11,2,1:29.303,1:28.752,1:28.263
10134,1124,846,1,4,3,1:29.536,1:28.940,1:28.489
10135,1124,832,6,55,4,1:29.513,1:29.099,1:28.682
10136,1124,4,117,14,5,1:29.254,1:29.082,1:28.686
10137,1124,857,1,81,6,1:29.425,1:29.148,1:28.760
10138,1124,1,131,44,7,1:29.661,1:28.887,1:28.766
10139,1124,844,6,16,8,1:29.338,1:29.196,1:28.786
10140,1124,847,131,63,9,1:29.799,1:29.140,1:29.008
10141,1124,852,215,22,10,1:29.775,1:29.417,1:29.413
10142,1124,817,215,3,11,1:29.727,1:29.472,\N
10143,1124,807,210,27,12,1:29.821,1:29.494,\N
10144,1124,822,15,77,13,1:29.602,1:29.593,\N
10145,1124,848,3,23,14,1:29.963,1:29.714,\N
10146,1124,839,214,31,15,1:29.811,1:29.816,\N
10147,1124,840,117,18,16,1:30.024,\N,\N
10148,1124,842,214,10,17,1:30.119,\N,\N
10149,1124,825,210,20,18,1:30.131,\N,\N
10150,1124,858,3,2,19,1:30.139,\N,\N
10151,1124,855,15,24,20,1:30.143,\N,\N
10152,1125,830,9,1,1,1:34.742,1:33.794,1:33.660
10153,1125,815,9,11,2,1:35.457,1:34.026,1:33.982
10154,1125,4,117,14,3,1:35.116,1:34.652,1:34.148
10155,1125,846,1,4,4,1:34.842,1:34.460,1:34.165
10156,1125,857,1,81,5,1:35.014,1:34.659,1:34.273
10157,1125,844,6,16,6,1:34.797,1:34.399,1:34.289
10158,1125,832,6,55,7,1:34.970,1:34.368,1:34.297
10159,1125,847,131,63,8,1:35.084,1:34.609,1:34.433
10160,1125,807,210,27,9,1:35.068,1:34.667,1:34.604
10161,1125,822,15,77,10,1:35.169,1:34.769,1:34.665
10162,1125,840,117,18,11,1:35.334,1:34.838,\N
10163,1125,817,215,3,12,1:35.443,1:34.934,\N
10164,1125,839,214,31,13,1:35.356,1:35.223,\N
10165,1125,848,3,23,14,1:35.384,1:35.241,\N
10166,1125,842,214,10,15,1:35.287,1:35.463,\N
10167,1125,855,15,24,16,1:35.505,\N,\N
10168,1125,825,210,20,17,1:35.516,\N,\N
10169,1125,1,131,44,18,1:35.573,\N,\N
10170,1125,852,215,22,19,1:35.746,\N,\N
10171,1125,858,3,2,20,1:36.358,\N,\N
10172,1126,830,9,1,1,1:27.689,1:27.566,1:27.241
10173,1126,844,6,16,2,1:28.081,1:27.533,1:27.382
10174,1126,832,6,55,3,1:27.937,1:27.941,1:27.455
10175,1126,815,9,11,4,1:27.772,1:27.839,1:27.460
10176,1126,846,1,4,5,1:27.913,1:27.871,1:27.594
10177,1126,857,1,81,6,1:28.032,1:27.721,1:27.675
10178,1126,847,131,63,7,1:28.159,1:28.095,1:28.067
10179,1126,1,131,44,8,1:28.167,1:27.697,1:28.107
10180,1126,807,210,27,9,1:28.383,1:28.200,1:28.146
10181,1126,852,215,22,10,1:28.324,1:28.167,1:28.192
10182,1126,840,117,18,11,1:28.177,1:28.222,\N
10183,1126,842,214,10,12,1:27.976,1:28.324,\N
10184,1126,839,214,31,13,1:28.209,1:28.371,\N
10185,1126,848,3,23,14,1:28.343,1:28.413,\N
10186,1126,4,117,14,15,1:28.453,1:28.427,\N
10187,1126,822,15,77,16,1:28.463,\N,\N
10188,1126,858,3,2,17,1:28.487,\N,\N
10189,1126,817,215,3,18,1:28.617,\N,\N
10190,1126,825,210,20,19,1:28.619,\N,\N
10191,1126,855,15,24,20,1:28.824,\N,\N
10192,1127,830,9,1,1,1:15.762,1:15.176,1:14.746
10193,1127,857,1,81,2,1:15.940,1:15.407,1:14.820
10194,1127,846,1,4,3,1:15.915,1:15.371,1:14.837
10195,1127,844,6,16,4,1:15.823,1:15.328,1:14.970
10196,1127,832,6,55,5,1:16.015,1:15.512,1:15.233
10197,1127,847,131,63,6,1:16.107,1:15.671,1:15.234
10198,1127,852,215,22,7,1:15.894,1:15.358,1:15.465
10199,1127,1,131,44,8,1:16.604,1:15.677,1:15.504
10200,1127,817,215,3,9,1:16.060,1:15.691,1:15.674
10201,1127,807,210,27,10,1:15.841,1:15.569,1:15.980
10202,1127,815,9,11,11,1:16.404,1:15.706,
10203,1127,839,214,31,12,1:16.361,1:15.906,
10204,1127,840,117,18,13,1:16.458,1:15.992,
10205,1127,848,3,23,14,1:16.524,1:16.200,
10206,1127,842,214,10,15,1:16.015,1:16.381,
10207,1127,822,15,77,16,1:16.626,,
10208,1127,855,15,24,17,1:16.834,,
10209,1127,825,210,20,18,1:16.854,,
10210,1127,4,117,14,19,1:16.917,,
10211,1127,858,3,2,20,\N,\N,\N
10212,1128,844,6,16,1,1:11.584,1:10.825,1:10.270
10213,1128,857,1,81,2,1:11.500,1:10.756,1:10.424
10214,1128,832,6,55,3,1:11.543,1:11.075,1:10.518
10215,1128,846,1,4,4,1:11.760,1:10.732,1:10.542
10216,1128,847,131,63,5,1:11.492,1:10.929,1:10.543
10217,1128,830,9,1,6,1:11.711,1:10.745,1:10.567
10218,1128,1,131,44,7,1:11.528,1:11.056,1:10.621
10219,1128,852,215,22,8,1:11.852,1:11.106,1:10.858
10220,1128,848,3,23,9,1:11.623,1:11.216,1:10.948
10221,1128,842,214,10,10,1:11.714,1:10.896,1:11.311
10222,1128,839,214,31,11,1:11.887,1:11.285,\N
10223,1128,807,210,27,12,1:11.876,1:11.440,\N
10224,1128,817,215,3,13,1:11.785,1:11.482,\N
10225,1128,840,117,18,14,1:11.728,1:11.563,\N
10226,1128,825,210,20,15,1:11.832,1:11.725,\N
10227,1128,4,117,14,16,1:12.019,\N,\N
10228,1128,858,3,2,17,1:12.020,\N,\N
10229,1128,815,9,11,18,1:12.060,\N,\N
10230,1128,822,15,77,19,1:12.512,\N,\N
10231,1128,855,15,24,20,1:13.028,\N,\N
10232,1129,847,131,63,1,1:13.013,1:11.742,1:12.000
10233,1129,830,9,1,2,1:12.360,1:12.549,1:12.000
10234,1129,846,1,4,3,1:12.959,1:12.201,1:12.021
10235,1129,857,1,81,4,1:12.907,1:12.462,1:12.103
10236,1129,817,215,3,5,1:13.240,1:12.572,1:12.178
10237,1129,4,117,14,6,1:13.117,1:12.635,1:12.228
10238,1129,1,131,44,7,1:12.851,1:11.979,1:12.280
10239,1129,852,215,22,8,1:12.748,1:12.303,1:12.414
10240,1129,840,117,18,9,1:13.088,1:12.659,1:12.701
10241,1129,848,3,23,10,1:12.896,1:12.485,1:12.796
10242,1129,844,6,16,11,1:13.107,1:12.691,\N
10243,1129,832,6,55,12,1:13.038,1:12.728,\N
10244,1129,858,3,2,13,1:13.063,1:12.736,\N
10245,1129,825,210,20,14,1:13.217,1:12.916,\N
10246,1129,842,214,10,15,1:13.289,1:12.940,\N
10247,1129,815,9,11,16,1:13.326,\N,\N
10248,1129,822,15,77,17,1:13.366,\N,\N
10249,1129,839,214,31,18,1:13.435,\N,\N
10250,1129,807,210,27,19,1:13.978,\N,\N
10251,1129,855,15,24,20,1:14.292,\N,\N
10252,1130,846,1,4,1,1:12.386,1:11.872,1:11.383
10253,1130,830,9,1,2,1:12.306,1:11.653,1:11.403
10254,1130,1,131,44,3,1:12.143,1:11.792,1:11.701
10255,1130,847,131,63,4,1:12.456,1:11.812,1:11.703
10256,1130,844,6,16,5,1:12.257,1:12.038,1:11.731
10257,1130,832,6,55,6,1:12.403,1:11.874,1:11.736
10258,1130,842,214,10,7,1:12.651,1:12.079,1:11.857
10259,1130,815,9,11,8,1:12.477,1:12.054,1:12.061
10260,1130,839,214,31,9,1:12.691,1:12.109,1:12.125
10261,1130,857,1,81,10,1:12.460,1:12.011,\N
10262,1130,4,117,14,11,1:12.505,1:12.128,\N
10263,1130,822,15,77,12,1:12.758,1:12.227,\N
10264,1130,807,210,27,13,1:12.708,1:12.310,\N
10265,1130,840,117,18,14,1:12.881,1:12.372,\N
10266,1130,855,15,24,15,1:12.880,1:12.738,\N
10267,1130,825,210,20,16,1:12.937,\N,\N
10268,1130,852,215,22,17,1:12.985,\N,\N
10269,1130,817,215,3,18,1:13.075,\N,\N
10270,1130,848,3,23,19,1:13.153,\N,\N
10271,1130,858,3,2,20,1:13.509,\N,\N
10272,1131,830,9,1,1,1:05.336,1:04.469,1:04.314
10273,1131,846,1,4,2,1:05.450,1:05.103,1:04.718
10274,1131,847,131,63,3,1:05.585,1:05.016,1:04.840
10275,1131,832,6,55,4,1:05.263,1:05.016,1:04.851
10276,1131,1,131,44,5,1:05.541,1:05.053,1:04.903
10277,1131,844,6,16,6,1:05.509,1:05.104,1:05.044
10278,1131,857,1,81,7,1:05.311,1:05.070,1:05.048
10279,1131,815,9,11,8,1:05.587,1:05.144,1:05.202
10280,1131,807,210,27,9,1:05.596,1:05.262,1:05.385
10281,1131,839,214,31,10,1:05.574,1:05.274,1:05.883
10282,1131,817,215,3,11,1:05.569,1:05.289,\N
10283,1131,825,210,20,12,1:05.508,1:05.347,\N
10284,1131,842,214,10,13,1:05.598,1:05.359,\N
10285,1131,852,215,22,14,1:05.563,1:05.412,\N
10286,1131,4,117,14,15,1:05.656,1:05.639,\N
10287,1131,848,3,23,16,1:05.736,\N,\N
10288,1131,840,117,18,17,1:05.819,\N,\N
10289,1131,822,15,77,18,1:05.847,\N,\N
10290,1131,858,3,2,19,1:05.856,\N,\N
10291,1131,855,15,24,20,1:06.061,\N,\N
10292,1132,847,131,63,1,1:30.106,1:26.723,1:25.819
10293,1132,1,131,44,2,1:29.547,1:26.770,1:25.990
10294,1132,846,1,4,3,1:31.596,1:26.559,1:26.030
10295,1132,830,9,1,4,1:31.342,1:26.796,1:26.203
10296,1132,857,1,81,5,1:30.895,1:26.733,1:26.237
10297,1132,807,210,27,6,1:31.929,1:26.847,1:26.338
10298,1132,832,6,55,7,1:30.557,1:26.843,1:26.509
10299,1132,840,117,18,8,1:31.410,1:26.938,1:26.585
10300,1132,848,3,23,9,1:31.135,1:26.933,1:26.640
10301,1132,4,117,14,10,1:31.264,1:26.730,1:26.917
10302,1132,844,6,16,11,1:30.496,1:27.097,\N
10303,1132,858,3,2,12,1:31.608,1:27.175,\N
10304,1132,852,215,22,13,1:30.994,1:27.269,\N
10305,1132,855,15,24,14,1:31.190,1:27.867,\N
10306,1132,817,215,3,15,1:31.291,1:27.949,\N
10307,1132,822,15,77,16,1:32.431,\N,\N
10308,1132,825,210,20,17,1:32.905,\N,\N
10309,1132,839,214,31,18,1:34.557,\N,\N
10310,1132,815,9,11,19,1:38.348,\N,\N
10311,1132,842,214,10,20,1:39.804,\N,\N
10312,1133,846,1,4,1,1:17.755,1:15.540,1:15.227
10313,1133,857,1,81,2,1:17.504,1:15.785,1:15.249
10314,1133,830,9,1,3,1:17.087,1:15.770,1:15.273
10315,1133,832,6,55,4,1:17.244,1:15.885,1:15.696
10316,1133,1,131,44,5,1:17.087,1:16.307,1:15.854
10317,1133,844,6,16,6,1:17.437,1:15.891,1:15.905
10318,1133,4,117,14,7,1:17.624,1:16.117,1:16.043
10319,1133,840,117,18,8,1:17.405,1:16.075,1:16.244
10320,1133,817,215,3,9,1:17.050,1:16.202,1:16.447
10321,1133,852,215,22,10,1:17.436,1:16.121,1:16.477
10322,1133,807,210,27,11,1:17.362,1:16.317,\N
10323,1133,822,15,77,12,1:17.487,1:16.384,\N
10324,1133,848,3,23,13,1:17.280,1:16.429,\N
10325,1133,858,3,2,14,1:17.770,1:16.543,\N
10326,1133,825,210,20,15,1:17.851,1:16.548,\N
10327,1133,815,9,11,16,1:17.886,\N,\N
10328,1133,847,131,63,17,1:17.968,\N,\N
10329,1133,855,15,24,18,1:18.037,\N,\N
10330,1133,839,214,31,19,1:18.049,\N,\N
10331,1133,842,214,10,20,1:18.166,\N,\N
10332,1134,830,9,1,1,1:54.938,1:53.837,1:53.159
10333,1134,844,6,16,2,1:55.349,1:54.193,1:53.754
10334,1134,815,9,11,3,1:55.139,1:54.470,1:53.765
10335,1134,1,131,44,4,1:55.692,1:54.037,1:53.835
10336,1134,846,1,4,5,1:55.582,1:54.358,1:53.981
10337,1134,857,1,81,6,1:54.835,1:54.136,1:54.027
10338,1134,847,131,63,7,1:55.353,1:54.095,1:54.184
10339,1134,832,6,55,8,1:55.169,1:54.112,1:54.477
10340,1134,4,117,14,9,1:55.489,1:54.258,1:54.765
10341,1134,839,214,31,10,1:55.417,1:54.460,1:54.810
10342,1134,848,3,23,11,1:55.722,1:54.473,\N
10343,1134,842,214,10,12,1:54.911,1:54.635,\N
10344,1134,817,215,3,13,1:55.451,1:54.682,\N
10345,1134,822,15,77,14,1:55.531,1:54.764,\N
10346,1134,840,117,18,15,1:56.072,1:55.716,\N
10347,1134,807,210,27,16,1:56.308,\N,\N
10348,1134,825,210,20,17,1:56.500,\N,\N
10349,1134,852,215,22,18,1:56.593,\N,\N
10350,1134,858,3,2,19,1:57.230,\N,\N
10351,1134,855,15,24,20,1:57.775,\N,\N
10352,1135,846,1,4,1,1:11.377,1:10.496,1:09.673
10353,1135,830,9,1,2,1:11.393,1:10.811,1:10.029
10354,1135,857,1,81,3,1:11.541,1:10.505,1:10.172
10355,1135,847,131,63,4,1:11.049,1:10.552,1:10.244
10356,1135,815,9,11,5,1:11.006,1:10.678,1:10.416
10357,1135,844,6,16,6,1:11.370,1:10.689,1:10.582
10358,1135,4,117,14,7,1:11.493,1:10.845,1:10.633
10359,1135,840,117,18,8,1:11.518,1:10.661,1:10.857
10360,1135,842,214,10,9,1:11.718,1:10.815,1:10.977
10361,1135,832,6,55,10,1:11.327,1:10.914,
10362,1135,1,131,44,11,1:11.375,1:10.948,
10363,1135,852,215,22,12,1:11.603,1:10.955,
10364,1135,807,210,27,13,1:11.832,1:11.215,
10365,1135,825,210,20,14,1:11.630,1:11.295,
10366,1135,817,215,3,15,1:11.943,,
10367,1135,839,214,31,16,1:11.995,,
10368,1135,822,15,77,17,1:12.168,,
10369,1135,855,15,24,18,1:13.261,,
10370,1135,848,3,23,19,\N,\N,\N
10371,1135,858,3,2,20,\N,\N,\N
10372,1136,846,1,4,1,1:19.911,1:19.727,1:19.327
10373,1136,857,1,81,2,1:20.076,1:19.808,1:19.436
10374,1136,847,131,63,3,1:20.169,1:19.877,1:19.440
10375,1136,844,6,16,4,1:20.074,1:20.007,1:19.461
10376,1136,832,6,55,5,1:20.149,1:19.799,1:19.467
10377,1136,1,131,44,6,1:20.477,1:19.641,1:19.513
10378,1136,830,9,1,7,1:20.226,1:19.662,1:20.022
10379,1136,815,9,11,8,1:20.598,1:20.216,1:20.062
10380,1136,848,3,23,9,1:20.542,1:20.314,1:20.299
10381,1136,807,210,27,10,1:20.781,1:20.411,1:20.339
10382,1136,4,117,14,11,1:20.617,1:20.421,\N
10383,1136,817,215,3,12,1:20.901,1:20.479,\N
10384,1136,825,210,20,13,1:20.856,1:20.698,\N
10385,1136,842,214,10,14,1:20.748,1:20.738,\N
10386,1136,839,214,31,15,1:20.764,1:20.766,\N
10387,1136,852,215,22,16,1:20.945,\N,\N
10388,1136,840,117,18,17,1:21.013,\N,\N
10389,1136,861,3,43,18,1:21.061,\N,\N
10390,1136,822,15,77,19,1:21.101,\N,\N
10391,1136,855,15,24,20,1:21.445,\N,\N
10392,1137,844,6,16,1,1:42.775,1:42.056,1:41.365
10393,1137,857,1,81,2,1:43.033,1:42.598,1:41.686
10394,1137,832,6,55,3,1:43.357,1:42.503,1:41.805
10395,1137,815,9,11,4,1:43.213,1:42.263,1:41.813
10396,1137,847,131,63,5,1:43.139,1:42.329,1:41.874
10397,1137,830,9,1,6,1:43.097,1:42.042,1:42.023
10398,1137,1,131,44,7,1:43.089,1:42.765,1:42.289
10399,1137,4,117,14,8,1:43.472,1:42.426,1:42.369
10400,1137,861,3,43,9,1:43.138,1:42.473,1:42.530
10401,1137,848,3,23,10,1:42.899,1:42.840,1:42.859
10402,1137,860,210,50,11,1:43.471,1:42.968,
10403,1137,852,215,22,12,1:43.337,1:43.035,
10404,1137,807,210,27,13,1:43.101,1:43.191,
10405,1137,840,117,18,14,1:43.370,1:43.404,
10406,1137,817,215,3,15,1:43.547,,
10407,1137,846,1,4,16,1:43.609,,
10408,1137,822,15,77,17,1:43.618,,
10409,1137,855,15,24,18,1:44.246,,
10410,1137,839,214,31,19,1:44.504,,
10411,1137,842,214,10,20,1:43.088,1:43.179,
10412,1138,846,1,4,1,1:30.002,1:30.007,1:29.525
10413,1138,830,9,1,2,1:30.157,1:29.680,1:29.728
10414,1138,1,131,44,3,1:30.393,1:29.929,1:29.841
10415,1138,847,131,63,4,1:30.811,1:30.153,1:29.867
10416,1138,857,1,81,5,1:30.258,1:29.640,1:29.953
10417,1138,807,210,27,6,1:30.724,1:30.150,1:30.115
10418,1138,4,117,14,7,1:30.684,1:30.450,1:30.214
10419,1138,852,215,22,8,1:30.710,1:30.289,1:30.354
10420,1138,844,6,16,9,1:30.786,1:29.747,\N
10421,1138,832,6,55,10,1:30.670,1:30.108,\N
10422,1138,848,3,23,11,1:30.679,1:30.474,\N
10423,1138,861,3,43,12,1:30.704,1:30.481,\N
10424,1138,815,9,11,13,1:30.624,1:30.579,\N
10425,1138,825,210,20,14,1:30.829,1:30.653,\N
10426,1138,839,214,31,15,1:30.958,1:30.769,\N
10427,1138,817,215,3,16,1:31.085,\N,\N
10428,1138,840,117,18,17,1:31.094,\N,\N
10429,1138,842,214,10,18,1:31.312,\N,\N
10430,1138,822,15,77,19,1:31.572,\N,\N
10431,1138,855,15,24,20,1:32.054,\N,\N
10432,1139,846,1,4,1,1:33.616,1:32.851,1:32.330
10433,1139,830,9,1,2,1:33.046,1:32.584,1:32.361
10434,1139,832,6,55,3,1:33.556,1:32.836,1:32.652
10435,1139,844,6,16,4,1:33.241,1:32.962,1:32.740
10436,1139,857,1,81,5,1:33.864,1:33.057,1:32.950
10437,1139,847,131,63,6,1:33.536,1:33.142,1:32.974
10438,1139,842,214,10,7,1:33.550,1:33.162,1:33.018
10439,1139,4,117,14,8,1:33.973,1:33.429,1:33.309
10440,1139,825,210,20,9,1:33.564,1:33.474,1:33.481
10441,1139,815,9,11,10,1:33.611,1:33.020,\N
10442,1139,852,215,22,11,1:33.795,1:33.506,\N
10443,1139,807,210,27,12,1:33.601,1:33.544,\N
10444,1139,839,214,31,13,1:33.986,1:33.597,\N
10445,1139,840,117,18,14,1:34.033,1:33.759,\N
10446,1139,859,215,30,15,1:33.339,\N,\N
10447,1139,848,3,23,16,1:34.051,\N,\N
10448,1139,861,3,43,17,1:34.062,\N,\N
10449,1139,822,15,77,18,1:34.152,\N,\N
10450,1139,1,131,44,19,1:34.154,\N,\N
10451,1139,855,15,24,20,1:34.228,\N,\N
10452,1140,832,6,55,1,1:16.778,1:16.515,1:15.946
10453,1140,830,9,1,2,1:16.803,1:16.514,1:16.171
10454,1140,846,1,4,3,1:16.505,1:16.301,1:16.260
10455,1140,844,6,16,4,1:16.972,1:16.641,1:16.265
10456,1140,847,131,63,5,1:17.194,1:16.937,1:16.356
10457,1140,1,131,44,6,1:17.306,1:16.973,1:16.651
10458,1140,825,210,20,7,1:17.125,1:17.003,1:16.886
10459,1140,842,214,10,8,1:17.149,1:17.048,1:16.892
10460,1140,848,3,23,9,1:17.189,1:16.988,1:17.065
10461,1140,807,210,27,10,1:17.186,1:16.995,1:17.365
10462,1140,852,215,22,11,1:17.182,1:17.129,\N
10463,1140,859,215,30,12,1:17.380,1:17.162,\N
10464,1140,4,117,14,13,1:17.307,1:17.168,\N
10465,1140,840,117,18,14,1:17.407,1:17.294,\N
10466,1140,822,15,77,15,1:17.393,1:17.817,\N
10467,1140,861,3,43,16,1:17.558,\N,\N
10468,1140,857,1,81,17,1:17.597,\N,\N
10469,1140,815,9,11,18,1:17.611,\N,\N
10470,1140,839,214,31,19,1:17.617,\N,\N
10471,1140,855,15,24,20,1:18.072,\N,\N
10472,1141,846,1,4,1,1:30.944,1:24.844,1:23.405
10473,1141,847,131,63,2,1:29.121,1:26.307,1:23.578
10474,1141,852,215,22,3,1:29.172,1:26.464,1:24.111
10475,1141,839,214,31,4,1:29.171,1:26.206,1:24.475
10476,1141,859,215,30,5,1:30.758,1:25.654,1:24.484
10477,1141,844,6,16,6,1:29.839,1:26.097,1:24.525
10478,1141,848,3,23,7,1:29.072,1:25.889,1:24.657
10479,1141,857,1,81,8,1:30.114,1:25.179,1:24.686
10480,1141,4,117,14,9,1:30.207,1:25.035,1:28.998
10481,1141,840,117,18,10,1:30.580,1:26.334,\N
10482,1141,822,15,77,11,1:30.633,1:26.472,\N
10483,1141,830,9,1,12,1:28.522,1:27.771,\N
10484,1141,815,9,11,13,1:30.035,1:28.158,\N
10485,1141,832,6,55,14,1:30.303,1:29.406,\N
10486,1141,842,214,10,15,1:29.420,1:29.614,\N
10487,1141,1,131,44,16,1:31.150,\N,\N
10488,1141,860,210,50,17,1:31.229,\N,\N
10489,1141,861,3,43,18,1:31.270,\N,\N
10490,1141,807,210,27,19,1:31.623,\N,\N
10491,1141,855,15,24,20,1:32.263,\N,\N
10492,1142,847,131,63,1,1:33.186,1:32.779,1:32.312
10493,1142,832,6,55,2,1:33.484,1:32.711,1:32.410
10494,1142,842,214,10,3,1:33.691,1:32.879,1:32.664
10495,1142,844,6,16,4,1:33.446,1:33.016,1:32.783
10496,1142,830,9,1,5,1:33.299,1:33.085,1:32.797
10497,1142,846,1,4,6,1:33.592,1:33.099,1:33.008
10498,1142,852,215,22,7,1:33.789,1:33.089,1:33.029
10499,1142,857,1,81,8,1:33.450,1:33.024,1:33.033
10500,1142,807,210,27,9,1:33.920,1:33.114,1:33.062
10501,1142,1,131,44,10,1:33.225,1:32.567,1:48.106
10502,1142,839,214,31,11,1:33.968,1:33.221,\N
10503,1142,825,210,20,12,1:33.991,1:33.297,\N
10504,1142,855,15,24,13,1:34.079,1:33.566,\N
10505,1142,861,3,43,14,1:33.746,1:33.749,\N
10506,1142,859,215,30,15,1:34.087,1:34.257,\N
10507,1142,815,9,11,16,1:34.155,\N,\N
10508,1142,4,117,14,17,1:34.258,\N,\N
10509,1142,848,3,23,18,1:34.425,\N,\N
10510,1142,822,15,77,19,1:34.430,\N,\N
10511,1142,840,117,18,20,1:34.484,\N,\N
10512,1143,830,9,1,1,1:21.579,1:20.687,1:20.520
10513,1143,847,131,63,2,1:21.241,1:21.069,1:20.575
10514,1143,846,1,4,3,1:21.578,1:20.983,1:20.772
10515,1143,857,1,81,4,1:21.821,1:21.121,1:20.829
10516,1143,844,6,16,5,1:21.278,1:21.000,1:20.852
10517,1143,1,131,44,6,1:21.637,1:21.095,1:21.011
10518,1143,832,6,55,7,1:21.447,1:21.199,1:21.041
10519,1143,4,117,14,8,1:21.608,1:21.208,1:21.251
10520,1143,815,9,11,9,1:21.675,1:21.425,1:21.425
10521,1143,825,210,20,10,1:21.891,1:21.387,1:21.500
10522,1143,842,214,10,11,1:21.843,1:21.437,\N
10523,1143,855,15,24,12,1:22.103,1:21.501,\N
10524,1143,822,15,77,13,1:21.927,1:21.731,\N
10525,1143,852,215,22,14,1:22.364,1:21.771,\N
10526,1143,840,117,18,15,1:22.011,1:21.911,\N
10527,1143,848,3,23,16,1:22.390,\N,\N
10528,1143,859,215,30,17,1:22.411,\N,\N
10529,1143,807,210,27,18,1:22.442,\N,\N
10530,1143,861,3,43,19,1:22.594,\N,\N
10531,1143,839,214,31,20,1:22.714,\N,\N
10532,1144,846,1,4,1,1:23.682,1:23.098,1:22.595
10533,1144,857,1,81,2,1:23.640,1:23.199,1:22.804
10534,1144,832,6,55,3,1:23.487,1:22.985,1:22.824
10535,1144,807,210,27,4,1:23.722,1:23.040,1:22.886
10536,1144,830,9,1,5,1:23.516,1:22.998,1:22.945
10537,1144,842,214,10,6,1:23.548,1:23.086,1:22.984
10538,1144,847,131,63,7,1:23.678,1:23.283,1:23.132
10539,1144,4,117,14,8,1:23.794,1:23.268,1:23.196
10540,1144,822,15,77,9,1:23.481,1:23.341,1:23.204
10541,1144,815,9,11,10,1:23.559,1:23.379,1:23.264
10542,1144,852,215,22,11,1:23.735,1:23.419,\N
10543,1144,859,215,30,12,1:23.733,1:23.472,\N
10544,1144,840,117,18,13,1:23.729,1:23.784,\N
10545,1144,844,6,16,14,1:23.302,1:23.833,\N
10546,1144,825,210,20,15,1:23.632,1:23.877,\N
10547,1144,848,3,23,16,1:23.821,\N,\N
10548,1144,855,15,24,17,1:23.880,\N,\N
10549,1144,1,131,44,18,1:23.887,\N,\N
10550,1144,861,3,43,19,1:23.912,\N,\N
10551,1144,862,214,61,20,1:24.105,\N,\N
