Unnamed: 0,raceId,Track,kaggle_driver_id,Position,participated_q2,participated_q3,q1_time_sec,q2_time_sec,q3_time_sec,year,Team
0,1074,Bahrain,844,1,1,1,91.471,90.932,90.558,2022,Ferrari
1,1074,Bahrain,830,2,1,1,91.785,90.757,90.681,2022,Red Bull Racing
2,1074,Bahrain,832,3,1,1,91.567,90.787,90.687,2022,Ferrari
3,1074,Bahrain,815,4,1,1,92.311,91.008,90.921,2022,Red Bull Racing
4,1074,Bahrain,1,5,1,1,92.285,91.048,91.238,2022,Mercedes
5,1074,Bahrain,822,6,1,1,91.919,91.717,91.56,2022,Alfa Romeo
6,1074,Bahrain,825,7,1,1,91.955,91.461,91.808,2022,Haas F1 Team
7,1074,Bahrain,4,8,1,1,92.346,91.621,92.195,2022,Alpine
8,1074,Bahrain,847,9,1,1,92.269,91.252,92.216,2022,Mercedes
9,1074,Bahrain,842,10,1,1,92.096,91.635,92.338,2022,AlphaTauri
10,1074,Bahrain,839,11,1,0,92.041,91.782,,2022,Alpine
11,1074,Bahrain,854,12,1,0,92.38,91.998,,2022,Haas F1 Team
12,1074,Bahrain,846,13,1,0,92.239,92.008,,2022,McLaren
13,1074,Bahrain,848,14,1,0,92.726,92.664,,2022,Williams
14,1074,Bahrain,855,15,1,0,92.493,93.543,,2022,Alfa Romeo
15,1074,Bahrain,852,16,0,0,92.75,,,2022,AlphaTauri
16,1074,Bahrain,807,17,0,0,92.777,,,2022,Aston Martin
17,1074,Bahrain,817,18,0,0,92.945,,,2022,McLaren
18,1074,Bahrain,840,19,0,0,93.032,,,2022,Aston Martin
19,1074,Bahrain,849,20,0,0,93.634,,,2022,Williams
20,1075,Saudi Arabia,815,1,1,1,89.705,88.924,88.2,2022,Red Bull Racing
21,1075,Saudi Arabia,844,2,1,1,89.039,88.78,88.225,2022,Ferrari
22,1075,Saudi Arabia,832,3,1,1,88.855,88.68860000000001,88.402,2022,Ferrari
23,1075,Saudi Arabia,830,4,1,1,88.928,88.945,88.461,2022,Red Bull Racing
24,1075,Saudi Arabia,839,5,1,1,90.093,89.584,89.068,2022,Alpine
25,1075,Saudi Arabia,847,6,1,1,89.68,89.618,89.104,2022,Mercedes
26,1075,Saudi Arabia,4,7,1,1,89.97800000000001,89.295,89.14699999999999,2022,Alpine
27,1075,Saudi Arabia,822,8,1,1,89.68299999999999,89.404,89.18299999999999,2022,Alfa Romeo
28,1075,Saudi Arabia,842,9,1,1,89.89099999999999,89.418,89.254,2022,AlphaTauri
29,1075,Saudi Arabia,825,10,1,1,89.831,89.54599999999999,89.588,2022,Haas F1 Team
30,1075,Saudi Arabia,846,11,1,0,89.957,89.651,,2022,McLaren
31,1075,Saudi Arabia,817,12,1,0,90.009,89.773,,2022,McLaren
32,1075,Saudi Arabia,855,13,1,0,89.97800000000001,89.819,,2022,Alfa Romeo
33,1075,Saudi Arabia,854,14,1,0,90.167,89.92,,2022,Haas F1 Team
34,1075,Saudi Arabia,840,15,1,0,90.256,91.009,,2022,Aston Martin
35,1075,Saudi Arabia,1,16,0,0,90.343,,,2022,Mercedes
36,1075,Saudi Arabia,848,17,0,0,90.492,,,2022,Williams
37,1075,Saudi Arabia,807,18,0,0,90.543,,,2022,Aston Martin
38,1075,Saudi Arabia,849,19,0,0,91.817,,,2022,Williams
39,1075,Saudi Arabia,852,NC,0,0,,,,2022,AlphaTauri
40,1076,Australia,844,1,1,1,78.881,78.606,77.868,2022,Ferrari
41,1076,Australia,830,2,1,1,5260.0,78.611,78.154,2022,Red Bull Racing
42,1076,Australia,815,3,1,1,78.834,78.34,78.24,2022,Red Bull Racing
43,1076,Australia,846,4,1,1,79.28,79.066,78.703,2022,McLaren
44,1076,Australia,1,5,1,1,79.401,79.106,78.825,2022,Mercedes
45,1076,Australia,847,6,1,1,79.405,79.076,78.93299999999999,2022,Mercedes
46,1076,Australia,817,7,1,1,79.66499999999999,79.13,79.032,2022,McLaren
47,1076,Australia,839,8,1,1,79.605,79.136,79.061,2022,Alpine
48,1076,Australia,832,9,1,1,78.983,78.469,79.408,2022,Ferrari
49,1076,Australia,4,10,1,1,79.19200000000001,78.815,,2022,Alpine
50,1076,Australia,842,11,1,0,79.58,79.226,,2022,AlphaTauri
51,1076,Australia,822,12,1,0,79.251,79.41,,2022,Alfa Romeo
52,1076,Australia,852,13,1,0,79.742,79.424,,2022,AlphaTauri
53,1076,Australia,855,14,1,0,79.91,80.155,,2022,Alfa Romeo
54,1076,Australia,854,15,1,0,80.104,80.465,,2022,Haas F1 Team
55,1076,Australia,848,NC,0,0,80.135,,,2022,Williams
56,1076,Australia,825,16,0,0,80.254,,,2022,Haas F1 Team
57,1076,Australia,20,17,0,0,81.149,,,2022,Aston Martin
58,1076,Australia,849,18,0,0,81.372,,,2022,Williams
59,1076,Australia,840,NC,0,0,,,,2022,Aston Martin
60,1077,Emilia Romagna,830,1,1,1,79.295,78.793,87.999,2022,Red Bull Racing
61,1077,Emilia Romagna,844,2,1,1,78.79599999999999,79.584,88.77799999999999,2022,Ferrari
62,1077,Emilia Romagna,846,3,1,1,80.168,79.294,89.131,2022,McLaren
63,1077,Emilia Romagna,825,4,1,1,80.14699999999999,79.902,89.164,2022,Haas F1 Team
64,1077,Emilia Romagna,4,5,1,1,80.19800000000001,79.595,89.202,2022,Alpine
65,1077,Emilia Romagna,817,6,1,1,79.98,80.031,89.742,2022,McLaren
66,1077,Emilia Romagna,815,7,1,1,79.773,79.29599999999999,89.80799999999999,2022,Red Bull Racing
67,1077,Emilia Romagna,822,8,1,1,80.419,80.19200000000001,90.439,2022,Alfa Romeo
68,1077,Emilia Romagna,20,9,1,1,80.364,79.957,91.062,2022,Aston Martin
69,1077,Emilia Romagna,832,10,1,0,79.305,78.99,,2022,Ferrari
70,1077,Emilia Romagna,847,11,1,0,80.383,80.757,,2022,Mercedes
71,1077,Emilia Romagna,854,12,1,0,80.422,80.916,,2022,Haas F1 Team
72,1077,Emilia Romagna,1,13,1,0,80.47,81.138,,2022,Mercedes
73,1077,Emilia Romagna,855,14,1,0,79.37,81.434,,2022,Alfa Romeo
74,1077,Emilia Romagna,840,15,1,0,80.342,88.119,,2022,Aston Martin
75,1077,Emilia Romagna,852,16,0,0,80.474,,,2022,AlphaTauri
76,1077,Emilia Romagna,842,17,0,0,80.732,,,2022,AlphaTauri
77,1077,Emilia Romagna,849,18,0,0,81.971,,,2022,Williams
78,1077,Emilia Romagna,839,19,0,0,82.338,,,2022,Alpine
79,1077,Emilia Romagna,848,NC,0,0,,,,2022,Williams
80,1078,Miami,844,1,1,1,89.474,89.13,88.79599999999999,2022,Ferrari
81,1078,Miami,832,2,1,1,90.079,89.729,88.986,2022,Ferrari
82,1078,Miami,830,3,1,1,88.836,89.202,88.991,2022,Red Bull Racing
83,1078,Miami,815,4,1,1,90.055,89.673,89.036,2022,Red Bull Racing
84,1078,Miami,822,5,1,1,90.845,89.751,89.475,2022,Alfa Romeo
85,1078,Miami,1,6,1,1,90.388,89.797,89.625,2022,Mercedes
86,1078,Miami,842,7,1,1,90.779,90.128,89.69,2022,AlphaTauri
87,1078,Miami,846,8,1,1,90.761,89.634,89.75,2022,McLaren
88,1078,Miami,852,9,1,1,90.485,90.031,89.932,2022,AlphaTauri
89,1078,Miami,840,10,1,1,90.441,89.996,90.676,2022,Aston Martin
90,1078,Miami,4,11,1,0,90.407,90.16,,2022,Alpine
91,1078,Miami,847,12,1,0,90.49,90.173,,2022,Mercedes
92,1078,Miami,20,13,1,0,90.677,90.214,,2022,Aston Martin
93,1078,Miami,817,14,1,0,90.583,90.31,,2022,McLaren
94,1078,Miami,854,15,1,0,90.645,90.423,,2022,Haas F1 Team
95,1078,Miami,825,16,0,0,90.975,,,2022,Haas F1 Team
96,1078,Miami,855,17,0,0,91.02,,,2022,Alfa Romeo
97,1078,Miami,848,18,0,0,91.266,,,2022,Williams
98,1078,Miami,849,19,0,0,91.325,,,2022,Williams
99,1078,Miami,839,NC,0,0,,,,2022,Alpine
100,1079,Spain,844,1,1,1,79.861,79.969,78.75,2022,Ferrari
101,1079,Spain,830,2,1,1,80.09100000000001,79.219,79.07300000000001,2022,Red Bull Racing
102,1079,Spain,832,3,1,1,79.892,79.453,79.166,2022,Ferrari
103,1079,Spain,847,4,1,1,80.218,79.47,79.393,2022,Mercedes
104,1079,Spain,815,5,1,1,80.447,79.83,79.42,2022,Red Bull Racing
105,1079,Spain,1,6,1,1,80.252,79.794,79.512,2022,Mercedes
106,1079,Spain,822,7,1,1,80.355,80.053,79.608,2022,Alfa Romeo
107,1079,Spain,825,8,1,1,80.227,79.81,79.682,2022,Haas F1 Team
108,1079,Spain,817,9,1,1,80.549,80.287,80.297,2022,McLaren
109,1079,Spain,854,10,1,1,80.68299999999999,80.436,80.368,2022,Haas F1 Team
110,1079,Spain,846,11,1,0,80.838,80.471,,2022,McLaren
111,1079,Spain,839,12,1,0,80.88,80.638,,2022,Alpine
112,1079,Spain,852,13,1,0,80.707,80.639,,2022,AlphaTauri
113,1079,Spain,842,14,1,0,80.719,80.861,,2022,AlphaTauri
114,1079,Spain,855,15,1,0,80.476,81.094,,2022,Alfa Romeo
115,1079,Spain,20,16,0,0,80.95400000000001,,,2022,Aston Martin
116,1079,Spain,4,17,0,0,81.043,,,2022,Alpine
117,1079,Spain,840,18,0,0,81.418,,,2022,Aston Martin
118,1079,Spain,848,19,0,0,81.645,,,2022,Williams
119,1079,Spain,849,20,0,0,81.91499999999999,,,2022,Williams
120,1080,Monaco,844,1,1,1,72.569,71.864,71.376,2022,Ferrari
121,1080,Monaco,832,2,1,1,72.616,72.074,71.601,2022,Ferrari
122,1080,Monaco,815,3,1,1,73.004,71.95400000000001,71.629,2022,Red Bull Racing
123,1080,Monaco,830,4,1,1,72.993,72.117,71.666,2022,Red Bull Racing
124,1080,Monaco,846,5,1,1,72.92699999999999,72.266,71.849,2022,McLaren
125,1080,Monaco,847,6,1,1,72.787,72.617,72.112,2022,Mercedes
126,1080,Monaco,4,7,1,1,73.394,72.688,72.247,2022,Alpine
127,1080,Monaco,1,8,1,1,73.444,72.595,72.56,2022,Mercedes
128,1080,Monaco,20,9,1,1,73.313,72.613,72.732,2022,Aston Martin
129,1080,Monaco,839,10,1,1,72.848,72.528,73.047,2022,Alpine
130,1080,Monaco,852,11,1,0,73.11,72.797,,2022,AlphaTauri
131,1080,Monaco,822,12,1,0,73.541,72.909,,2022,Alfa Romeo
132,1080,Monaco,825,13,1,0,73.069,72.92099999999999,,2022,Haas F1 Team
133,1080,Monaco,817,14,1,0,73.338,72.964,,2022,McLaren
134,1080,Monaco,854,15,1,0,73.469,73.081,,2022,Haas F1 Team
135,1080,Monaco,848,16,0,0,73.611,,,2022,Williams
136,1080,Monaco,842,17,0,0,73.66,,,2022,AlphaTauri
137,1080,Monaco,840,18,0,0,73.678,,,2022,Aston Martin
138,1080,Monaco,849,19,0,0,74.403,,,2022,Williams
139,1080,Monaco,855,20,0,0,75.606,,,2022,Alfa Romeo
140,1081,Azerbaijan,844,1,1,1,102.865,102.046,101.359,2022,Ferrari
141,1081,Azerbaijan,815,2,1,1,102.733,101.955,101.641,2022,Red Bull Racing
142,1081,Azerbaijan,830,3,1,1,102.722,102.227,101.706,2022,Red Bull Racing
143,1081,Azerbaijan,832,4,1,1,102.957,102.088,101.814,2022,Ferrari
144,1081,Azerbaijan,847,5,1,1,103.754,103.281,102.712,2022,Mercedes
145,1081,Azerbaijan,842,6,1,1,103.268,103.129,102.845,2022,AlphaTauri
146,1081,Azerbaijan,1,7,1,1,103.939,103.182,102.924,2022,Mercedes
147,1081,Azerbaijan,852,8,1,1,103.595,103.376,103.056,2022,AlphaTauri
148,1081,Azerbaijan,20,9,1,1,103.279,103.268,103.091,2022,Aston Martin
149,1081,Azerbaijan,4,10,1,1,104.083,103.36,103.173,2022,Alpine
150,1081,Azerbaijan,846,11,1,0,104.237,103.398,,2022,McLaren
151,1081,Azerbaijan,817,12,1,0,104.437,103.574,,2022,McLaren
152,1081,Azerbaijan,839,13,1,0,103.903,103.585,,2022,Alpine
153,1081,Azerbaijan,855,14,1,0,103.777,103.79,,2022,Alfa Romeo
154,1081,Azerbaijan,822,15,1,0,104.478,104.444,,2022,Alfa Romeo
155,1081,Azerbaijan,825,16,0,0,104.643,,,2022,Haas F1 Team
156,1081,Azerbaijan,848,17,0,0,104.719,,,2022,Williams
157,1081,Azerbaijan,849,18,0,0,105.367,,,2022,Williams
158,1081,Azerbaijan,840,19,0,0,105.371,,,2022,Aston Martin
159,1081,Azerbaijan,854,20,0,0,105.775,,,2022,Haas F1 Team
160,1082,Canada,830,1,1,1,92.219,83.746,81.299,2022,Red Bull Racing
161,1082,Canada,4,2,1,1,92.277,84.848,81.944,2022,Alpine
162,1082,Canada,832,3,1,1,92.781,85.197,82.096,2022,Ferrari
163,1082,Canada,1,4,1,1,93.841,85.543,82.89099999999999,2022,Mercedes
164,1082,Canada,825,5,1,1,92.957,86.254,82.96000000000001,2022,Haas F1 Team
165,1082,Canada,854,6,1,1,93.707,85.684,83.356,2022,Haas F1 Team
166,1082,Canada,839,7,1,1,93.012,86.135,83.529,2022,Alpine
167,1082,Canada,847,8,1,1,93.16,84.95,83.557,2022,Mercedes
168,1082,Canada,817,9,1,1,93.636,86.375,83.749,2022,McLaren
169,1082,Canada,855,10,1,1,93.692,86.116,84.03,2022,Alfa Romeo
170,1082,Canada,822,11,1,0,93.689,86.788,,2022,Alfa Romeo
171,1082,Canada,848,12,1,0,94.047,86.858,,2022,Williams
172,1082,Canada,815,13,1,0,93.929,93.127,,2022,Red Bull Racing
173,1082,Canada,846,14,1,0,94.066,,,2022,McLaren
174,1082,Canada,844,15,0,0,93.008,,,2022,Ferrari
175,1082,Canada,842,16,0,0,94.492,,,2022,AlphaTauri
176,1082,Canada,20,17,0,0,94.512,,,2022,Aston Martin
177,1082,Canada,840,18,0,0,95.532,,,2022,Aston Martin
178,1082,Canada,849,19,0,0,95.66,,,2022,Williams
179,1082,Canada,852,20,0,0,96.575,,,2022,AlphaTauri
180,1083,Great Britain,832,1,1,1,100.19,101.602,100.983,2022,Ferrari
181,1083,Great Britain,830,2,1,1,99.129,100.655,101.055,2022,Red Bull Racing
182,1083,Great Britain,844,3,1,1,99.846,101.247,101.298,2022,Ferrari
183,1083,Great Britain,815,4,1,1,100.521,102.513,101.616,2022,Red Bull Racing
184,1083,Great Britain,1,5,1,1,100.428,101.062,101.995,2022,Mercedes
185,1083,Great Britain,846,6,1,1,101.515,101.821,102.084,2022,McLaren
186,1083,Great Britain,4,7,1,1,101.598,102.209,102.116,2022,Alpine
187,1083,Great Britain,847,8,1,1,100.028,101.725,102.161,2022,Mercedes
188,1083,Great Britain,855,9,1,1,100.791,102.64,102.719,2022,Alfa Romeo
189,1083,Great Britain,849,10,1,1,101.998,103.273,123.095,2022,Williams
190,1083,Great Britain,842,11,1,0,101.68,103.702,,2022,AlphaTauri
191,1083,Great Britain,822,12,1,0,101.396,104.232,,2022,Alfa Romeo
192,1083,Great Britain,852,13,1,0,101.893,104.311,,2022,AlphaTauri
193,1083,Great Britain,817,14,1,0,101.933,104.355,,2022,McLaren
194,1083,Great Britain,839,15,1,0,101.73,105.19,,2022,Alpine
195,1083,Great Britain,848,16,0,0,102.078,,,2022,Williams
196,1083,Great Britain,825,17,0,0,102.159,,,2022,Haas F1 Team
197,1083,Great Britain,20,18,0,0,102.666,,,2022,Aston Martin
198,1083,Great Britain,854,19,0,0,102.708,,,2022,Haas F1 Team
199,1083,Great Britain,840,20,0,0,103.43,,,2022,Aston Martin
200,1084,Austria,830,1,1,1,65.852,65.374,64.984,2022,Red Bull Racing
201,1084,Austria,844,2,1,1,65.419,65.287,65.013,2022,Ferrari
202,1084,Austria,832,3,1,1,65.66,65.576,65.066,2022,Ferrari
203,1084,Austria,847,4,1,1,66.235,65.697,65.431,2022,Mercedes
204,1084,Austria,839,5,1,1,66.468,65.993,65.726,2022,Alpine
205,1084,Austria,825,6,1,1,66.366,65.894,65.879,2022,Haas F1 Team
206,1084,Austria,854,7,1,1,66.405,66.151,66.011,2022,Haas F1 Team
207,1084,Austria,4,8,1,1,66.016,66.082,66.103,2022,Alpine
208,1084,Austria,1,9,1,1,66.079,65.475,73.151,2022,Mercedes
209,1084,Austria,842,10,1,0,66.589,66.16,,2022,AlphaTauri
210,1084,Austria,848,11,1,0,66.516,66.23,,2022,Williams
211,1084,Austria,822,12,1,0,66.44200000000001,66.319,,2022,Alfa Romeo
212,1084,Austria,815,13,1,0,66.143,66.458,,2022,Red Bull Racing
213,1084,Austria,852,14,1,0,66.463,66.851,,2022,AlphaTauri
214,1084,Austria,846,15,1,0,66.33,85.84700000000001,,2022,McLaren
215,1084,Austria,817,16,0,0,66.613,,,2022,McLaren
216,1084,Austria,840,17,0,0,66.847,,,2022,Aston Martin
217,1084,Austria,855,18,0,0,66.901,,,2022,Alfa Romeo
218,1084,Austria,849,19,0,0,67.003,,,2022,Williams
219,1084,Austria,20,20,0,0,67.083,,,2022,Aston Martin
220,1085,France,844,1,1,1,91.727,91.216,90.872,2022,Ferrari
221,1085,France,830,2,1,1,91.891,91.99,91.176,2022,Red Bull Racing
222,1085,France,815,3,1,1,92.354,92.12,91.335,2022,Red Bull Racing
223,1085,France,1,4,1,1,93.041,92.274,91.765,2022,Mercedes
224,1085,France,846,5,1,1,92.672,92.777,92.032,2022,McLaren
225,1085,France,847,6,1,1,93.109,92.633,92.131,2022,Mercedes
226,1085,France,4,7,1,1,92.819,92.631,92.552,2022,Alpine
227,1085,France,852,8,1,1,93.394,92.836,92.78,2022,AlphaTauri
228,1085,France,832,9,1,1,92.297,91.081,,2022,Ferrari
229,1085,France,825,10,1,0,92.756,92.649,,2022,Haas F1 Team
230,1085,France,817,11,1,0,93.404,92.922,,2022,McLaren
231,1085,France,839,12,1,0,93.346,93.048,,2022,Alpine
232,1085,France,822,13,1,0,93.034,93.052,,2022,Alfa Romeo
233,1085,France,20,14,1,0,93.285,93.276,,2022,Aston Martin
234,1085,France,848,15,1,0,93.423,93.307,,2022,Williams
235,1085,France,842,16,0,0,93.439,,,2022,AlphaTauri
236,1085,France,840,17,0,0,93.439,,,2022,Aston Martin
237,1085,France,855,18,0,0,93.674,,,2022,Alfa Romeo
238,1085,France,854,19,0,0,93.701,,,2022,Haas F1 Team
239,1085,France,849,20,0,0,93.794,,,2022,Williams
240,1086,Hungary,847,1,1,1,78.407,78.154,77.377,2022,Mercedes
241,1086,Hungary,832,2,1,1,78.434,77.946,77.42099999999999,2022,Ferrari
242,1086,Hungary,844,3,1,1,78.806,77.768,77.56700000000001,2022,Ferrari
243,1086,Hungary,846,4,1,1,78.65299999999999,78.121,77.769,2022,McLaren
244,1086,Hungary,839,5,1,1,78.866,78.21600000000001,78.018,2022,Alpine
245,1086,Hungary,4,6,1,1,78.71600000000001,77.904,78.078,2022,Alpine
246,1086,Hungary,1,7,1,1,78.374,78.035,78.142,2022,Mercedes
247,1086,Hungary,822,8,1,1,78.935,78.445,78.157,2022,Alfa Romeo
248,1086,Hungary,817,9,1,1,78.775,78.19800000000001,78.379,2022,McLaren
249,1086,Hungary,830,10,1,1,78.509,77.703,78.82300000000001,2022,Red Bull Racing
250,1086,Hungary,815,11,1,0,79.118,78.51599999999999,,2022,Red Bull Racing
251,1086,Hungary,855,12,1,0,78.973,78.57300000000001,,2022,Alfa Romeo
252,1086,Hungary,825,13,1,0,78.993,78.825,,2022,Haas F1 Team
253,1086,Hungary,840,14,1,0,79.205,79.137,,2022,Aston Martin
254,1086,Hungary,854,15,1,0,79.164,79.202,,2022,Haas F1 Team
255,1086,Hungary,852,16,0,0,79.24,,,2022,AlphaTauri
256,1086,Hungary,848,17,0,0,79.256,,,2022,Williams
257,1086,Hungary,20,18,0,0,79.273,,,2022,Aston Martin
258,1086,Hungary,842,19,0,0,79.527,,,2022,AlphaTauri
259,1086,Hungary,849,20,0,0,79.57,,,2022,Williams
260,1087,Belgium,830,1,1,1,104.581,104.723,103.665,2022,Red Bull Racing
261,1087,Belgium,832,2,1,1,105.05,105.418,104.297,2022,Ferrari
262,1087,Belgium,815,3,1,1,105.377,104.794,104.462,2022,Red Bull Racing
263,1087,Belgium,844,4,1,1,105.572,104.551,104.553,2022,Ferrari
264,1087,Belgium,839,5,1,1,106.039,105.475,105.18,2022,Alpine
265,1087,Belgium,4,6,1,1,106.075,105.552,105.368,2022,Alpine
266,1087,Belgium,1,7,1,1,105.736,105.42,105.503,2022,Mercedes
267,1087,Belgium,847,8,1,1,105.65,105.461,105.776,2022,Mercedes
268,1087,Belgium,848,9,1,1,105.672,105.675,105.837,2022,Williams
269,1087,Belgium,846,10,1,1,105.745,105.603,106.178,2022,McLaren
270,1087,Belgium,817,11,1,0,106.212,105.767,,2022,McLaren
271,1087,Belgium,842,12,1,0,106.183,105.827,,2022,AlphaTauri
272,1087,Belgium,855,13,1,0,106.178,106.085,,2022,Alfa Romeo
273,1087,Belgium,840,14,1,0,106.256,106.611,,2022,Aston Martin
274,1087,Belgium,854,15,1,0,106.342,107.718,,2022,Haas F1 Team
275,1087,Belgium,20,16,0,0,106.344,,,2022,Aston Martin
276,1087,Belgium,849,17,0,0,106.401,,,2022,Williams
277,1087,Belgium,825,18,0,0,106.557,,,2022,Haas F1 Team
278,1087,Belgium,852,19,0,0,106.692,,,2022,AlphaTauri
279,1087,Belgium,822,20,0,0,107.866,,,2022,Alfa Romeo
280,1088,Netherlands,830,1,1,1,71.31700000000001,70.92699999999999,70.342,2022,Red Bull Racing
281,1088,Netherlands,844,2,1,1,71.443,70.988,70.363,2022,Ferrari
282,1088,Netherlands,832,3,1,1,71.767,70.814,70.434,2022,Ferrari
283,1088,Netherlands,1,4,1,1,71.331,71.075,70.648,2022,Mercedes
284,1088,Netherlands,815,5,1,1,71.641,71.314,71.077,2022,Red Bull Racing
285,1088,Netherlands,847,6,1,1,71.561,70.824,71.147,2022,Mercedes
286,1088,Netherlands,846,7,1,1,71.556,71.116,71.174,2022,McLaren
287,1088,Netherlands,854,8,1,1,71.741,71.42,71.44200000000001,2022,Haas F1 Team
288,1088,Netherlands,852,9,1,1,71.42699999999999,71.428,72.556,2022,AlphaTauri
289,1088,Netherlands,840,10,1,0,71.568,71.416,,2022,Aston Martin
290,1088,Netherlands,842,11,1,0,71.705,71.512,,2022,AlphaTauri
291,1088,Netherlands,839,12,1,0,71.748,71.605,,2022,Alpine
292,1088,Netherlands,4,13,1,0,71.667,71.613,,2022,Alpine
293,1088,Netherlands,855,14,1,0,71.826,71.70400000000001,,2022,Alfa Romeo
294,1088,Netherlands,848,15,1,0,71.695,71.80199999999999,,2022,Williams
295,1088,Netherlands,822,16,0,0,71.961,,,2022,Alfa Romeo
296,1088,Netherlands,817,17,0,0,72.081,,,2022,McLaren
297,1088,Netherlands,825,18,0,0,72.319,,,2022,Haas F1 Team
298,1088,Netherlands,20,19,0,0,72.391,,,2022,Aston Martin
299,1088,Netherlands,849,20,0,0,73.353,,,2022,Williams
300,1089,Italy,844,1,1,1,81.28,81.208,80.161,2022,Ferrari
301,1089,Italy,830,2,1,1,80.922,81.265,80.306,2022,Red Bull Racing
302,1089,Italy,832,3,1,1,81.348,80.878,80.429,2022,Ferrari
303,1089,Italy,815,4,1,1,81.495,81.358,81.206,2022,Red Bull Racing
304,1089,Italy,1,5,1,1,82.048,81.708,81.524,2022,Mercedes
305,1089,Italy,847,6,1,1,81.785,81.747,81.542,2022,Mercedes
306,1089,Italy,846,7,1,1,82.13,81.831,81.584,2022,McLaren
307,1089,Italy,817,8,1,1,82.139,81.855,81.925,2022,McLaren
308,1089,Italy,842,9,1,1,82.01,82.062,82.648,2022,AlphaTauri
309,1089,Italy,4,10,1,0,82.089,81.861,,2022,Alpine
310,1089,Italy,839,11,1,0,82.166,82.13,,2022,Alpine
311,1089,Italy,822,12,1,0,82.254,82.235,,2022,Alfa Romeo
312,1089,Italy,856,13,1,0,82.56700000000001,82.471,,2022,Williams
313,1089,Italy,855,14,1,0,82.003,82.577,,2022,Alfa Romeo
314,1089,Italy,852,15,0,0,82.02,,,2022,AlphaTauri
315,1089,Italy,849,16,0,0,82.587,,,2022,Williams
316,1089,Italy,20,17,0,0,82.636,,,2022,Aston Martin
317,1089,Italy,840,18,0,0,82.748,,,2022,Aston Martin
318,1089,Italy,825,19,0,0,82.908,,,2022,Haas F1 Team
319,1089,Italy,854,20,0,0,83.005,,,2022,Haas F1 Team
320,1091,Singapore,844,1,1,1,114.129,112.343,109.412,2022,Ferrari
321,1091,Singapore,815,2,1,1,114.404,112.818,109.434,2022,Red Bull Racing
322,1091,Singapore,1,3,1,1,113.161,112.691,109.466,2022,Mercedes
323,1091,Singapore,832,4,1,1,114.559,113.219,109.583,2022,Ferrari
324,1091,Singapore,4,5,1,1,115.36,113.127,109.966,2022,Alpine
325,1091,Singapore,846,6,1,1,115.914,113.942,110.584,2022,McLaren
326,1091,Singapore,842,7,1,1,115.606,113.546,111.211,2022,AlphaTauri
327,1091,Singapore,830,8,1,1,113.057,112.723,111.395,2022,Red Bull Racing
328,1091,Singapore,825,9,1,1,115.103,114.006,111.573,2022,Haas F1 Team
329,1091,Singapore,852,10,1,1,115.314,113.848,111.983,2022,AlphaTauri
330,1091,Singapore,847,11,1,0,114.633,114.012,,2022,Mercedes
331,1091,Singapore,840,12,1,0,115.629,114.211,,2022,Aston Martin
332,1091,Singapore,854,13,1,0,115.736,114.37,,2022,Haas F1 Team
333,1091,Singapore,20,14,1,0,115.602,114.38,,2022,Aston Martin
334,1091,Singapore,855,15,1,0,115.375,115.518,,2022,Alfa Romeo
335,1091,Singapore,822,16,0,0,116.083,,,2022,Alfa Romeo
336,1091,Singapore,817,17,0,0,116.226,,,2022,McLaren
337,1091,Singapore,839,18,0,0,116.337,,,2022,Alpine
338,1091,Singapore,848,19,0,0,116.985,,,2022,Williams
339,1091,Singapore,849,20,0,0,117.532,,,2022,Williams
340,1092,Japan,830,1,1,1,90.224,90.346,89.304,2022,Red Bull Racing
341,1092,Japan,844,2,1,1,90.402,90.486,89.314,2022,Ferrari
342,1092,Japan,832,3,1,1,90.336,90.444,89.361,2022,Ferrari
343,1092,Japan,815,4,1,1,90.622,89.25,89.709,2022,Red Bull Racing
344,1092,Japan,839,5,1,1,90.696,90.357,90.165,2022,Alpine
345,1092,Japan,1,6,1,1,90.906,90.443,90.261,2022,Mercedes
346,1092,Japan,4,7,1,1,90.603,90.343,90.322,2022,Alpine
347,1092,Japan,847,8,1,1,90.865,90.465,90.389,2022,Mercedes
348,1092,Japan,20,9,1,1,91.256,90.656,90.554,2022,Aston Martin
349,1092,Japan,846,10,1,1,90.881,90.473,91.003,2022,McLaren
350,1092,Japan,817,11,1,0,90.88,90.659,,2022,McLaren
351,1092,Japan,822,12,1,0,91.226,90.709,,2022,Alfa Romeo
352,1092,Japan,852,13,1,0,91.13,90.808,,2022,AlphaTauri
353,1092,Japan,855,14,1,0,90.894,90.953,,2022,Alfa Romeo
354,1092,Japan,854,15,1,0,91.152,91.439,,2022,Haas F1 Team
355,1092,Japan,848,16,0,0,91.311,,,2022,Williams
356,1092,Japan,842,17,0,0,91.322,,,2022,AlphaTauri
357,1092,Japan,825,18,0,0,91.352,,,2022,Haas F1 Team
358,1092,Japan,840,19,0,0,91.419,,,2022,Aston Martin
359,1092,Japan,849,20,0,0,91.511,,,2022,Williams
360,1093,United States,832,1,1,1,95.297,95.59,94.356,2022,Ferrari
361,1093,United States,844,2,1,1,95.795,95.246,94.421,2022,Ferrari
362,1093,United States,830,3,1,1,95.864,95.294,94.448,2022,Red Bull Racing
363,1093,United States,815,4,1,1,96.163,95.864,94.645,2022,Red Bull Racing
364,1093,United States,1,5,1,1,96.148,95.732,94.947,2022,Mercedes
365,1093,United States,847,6,1,1,96.195,95.692,94.988,2022,Mercedes
366,1093,United States,840,7,1,1,96.86,96.032,95.598,2022,Aston Martin
367,1093,United States,846,8,1,1,96.465,96.341,95.69,2022,McLaren
368,1093,United States,4,9,1,1,96.446,95.988,95.876,2022,Alpine
369,1093,United States,822,10,1,1,96.746,96.321,96.319,2022,Alfa Romeo
370,1093,United States,848,11,1,0,96.922,96.368,,2022,Williams
371,1093,United States,20,12,1,0,96.995,96.398,,2022,Aston Martin
372,1093,United States,842,13,1,0,96.577,96.74,,2022,AlphaTauri
373,1093,United States,855,14,1,0,96.656,96.97,,2022,Alfa Romeo
374,1093,United States,852,15,1,0,96.808,97.147,,2022,AlphaTauri
375,1093,United States,825,16,0,0,96.949,,,2022,Haas F1 Team
376,1093,United States,817,17,0,0,97.046,,,2022,McLaren
377,1093,United States,839,18,0,0,97.068,,,2022,Alpine
378,1093,United States,854,19,0,0,97.111,,,2022,Haas F1 Team
379,1093,United States,849,20,0,0,97.244,,,2022,Williams
380,1094,Mexico,830,1,1,1,79.22200000000001,78.566,77.775,2022,Red Bull Racing
381,1094,Mexico,847,2,1,1,79.583,78.565,78.07900000000001,2022,Mercedes
382,1094,Mexico,1,3,1,1,79.169,78.55199999999999,78.084,2022,Mercedes
383,1094,Mexico,815,4,1,1,79.706,78.615,78.128,2022,Red Bull Racing
384,1094,Mexico,832,5,1,1,79.566,78.56,78.351,2022,Ferrari
385,1094,Mexico,822,6,1,1,79.523,78.762,78.401,2022,Alfa Romeo
386,1094,Mexico,844,7,1,1,79.505,79.10900000000001,78.555,2022,Ferrari
387,1094,Mexico,846,8,1,1,79.857,79.119,78.721,2022,McLaren
388,1094,Mexico,4,9,1,1,80.006,79.27199999999999,78.939,2022,Alpine
389,1094,Mexico,839,10,1,1,79.945,79.081,79.01,2022,Alpine
390,1094,Mexico,817,11,1,0,80.279,79.325,,2022,McLaren
391,1094,Mexico,855,12,1,0,80.283,79.476,,2022,Alfa Romeo
392,1094,Mexico,852,13,1,0,79.907,79.589,,2022,AlphaTauri
393,1094,Mexico,842,14,1,0,80.256,79.672,,2022,AlphaTauri
394,1094,Mexico,825,15,1,0,80.293,79.833,,2022,Haas F1 Team
395,1094,Mexico,854,16,0,0,80.419,,,2022,Haas F1 Team
396,1094,Mexico,20,17,0,0,80.419,,,2022,Aston Martin
397,1094,Mexico,840,18,0,0,80.52,,,2022,Aston Martin
398,1094,Mexico,848,19,0,0,80.85900000000001,,,2022,Williams
399,1094,Mexico,849,20,0,0,81.167,,,2022,Williams
400,1095,Brazil,825,1,1,1,73.95400000000001,71.41,71.674,2022,Haas F1 Team
401,1095,Brazil,830,2,1,1,73.625,70.881,71.877,2022,Red Bull Racing
402,1095,Brazil,847,3,1,1,74.42699999999999,71.318,72.059,2022,Mercedes
403,1095,Brazil,846,4,1,1,73.106,71.377,72.263,2022,McLaren
404,1095,Brazil,832,5,1,1,5120.0,70.89,72.357,2022,Ferrari
405,1095,Brazil,839,6,1,1,74.663,71.587,72.425,2022,Alpine
406,1095,Brazil,4,7,1,1,73.542,71.394,72.504,2022,Alpine
407,1095,Brazil,1,8,1,1,73.403,71.539,72.611,2022,Mercedes
408,1095,Brazil,815,9,1,1,73.613,71.456,75.601,2022,Red Bull Racing
409,1095,Brazil,844,10,1,1,74.486,70.95,,2022,Ferrari
410,1095,Brazil,848,11,1,0,74.324,71.631,,2022,Williams
411,1095,Brazil,842,12,1,0,74.371,71.675,,2022,AlphaTauri
412,1095,Brazil,20,13,1,0,73.597,71.678,,2022,Aston Martin
413,1095,Brazil,817,14,1,0,74.931,72.14,,2022,McLaren
414,1095,Brazil,840,15,1,0,74.398,72.21000000000001,,2022,Aston Martin
415,1095,Brazil,849,16,0,0,75.095,,,2022,Williams
416,1095,Brazil,855,17,0,0,75.197,,,2022,Alfa Romeo
417,1095,Brazil,822,18,0,0,75.486,,,2022,Alfa Romeo
418,1095,Brazil,852,19,0,0,76.264,,,2022,AlphaTauri
419,1095,Brazil,854,20,0,0,76.361,,,2022,Haas F1 Team
420,1096,Abu Dhabi,830,1,1,1,84.754,84.622,83.824,2022,Red Bull Racing
421,1096,Abu Dhabi,815,2,1,1,84.82,84.419,84.05199999999999,2022,Red Bull Racing
422,1096,Abu Dhabi,844,3,1,1,85.211,84.517,84.092,2022,Ferrari
423,1096,Abu Dhabi,832,4,1,1,85.09,84.521,84.242,2022,Ferrari
424,1096,Abu Dhabi,1,5,1,1,85.594,84.774,84.508,2022,Mercedes
425,1096,Abu Dhabi,847,6,1,1,85.545,84.94,84.511,2022,Mercedes
426,1096,Abu Dhabi,846,7,1,1,85.387,84.90299999999999,84.769,2022,McLaren
427,1096,Abu Dhabi,839,8,1,1,85.735,85.007,84.83,2022,Alpine
428,1096,Abu Dhabi,20,9,1,1,85.523,84.974,84.961,2022,Aston Martin
429,1096,Abu Dhabi,817,10,1,1,85.76599999999999,85.068,85.045,2022,McLaren
430,1096,Abu Dhabi,4,11,1,0,85.782,85.096,,2022,Alpine
431,1096,Abu Dhabi,852,12,1,0,85.63,85.219,,2022,AlphaTauri
432,1096,Abu Dhabi,854,13,1,0,85.711,85.225,,2022,Haas F1 Team
433,1096,Abu Dhabi,840,14,1,0,85.741,85.35900000000001,,2022,Aston Martin
434,1096,Abu Dhabi,855,15,1,0,85.594,85.408,,2022,Alfa Romeo
435,1096,Abu Dhabi,825,16,0,0,85.834,,,2022,Haas F1 Team
436,1096,Abu Dhabi,842,17,0,0,85.85900000000001,,,2022,AlphaTauri
437,1096,Abu Dhabi,822,18,0,0,85.892,,,2022,Alfa Romeo
438,1096,Abu Dhabi,848,19,0,0,86.02799999999999,,,2022,Williams
439,1096,Abu Dhabi,849,20,0,0,86.054,,,2022,Williams
