Track,Position,No,Driver,Team,Q1,Q2,Q3,Laps,raceId,kaggle_driver_id
Bahrain,1,1,Max Verstappen,Red Bull Racing Honda RBPT,1:30.031,1:29.374,1:29.179,17,1074,830
Bahrain,2,16,Charles Leclerc,Ferrari,1:30.243,1:29.165,1:29.407,19,1074,844
Bahrain,3,63,George Russell,Mercedes,1:30.350,1:29.922,1:29.485,17,1074,847
Bahrain,4,55,Carlos Sainz,Ferrari,1:29.909,1:29.573,1:29.507,18,1074,832
Bahrain,5,11,Sergio Perez,Red Bull Racing Honda RBPT,1:30.221,1:29.932,1:29.537,17,1074,815
Bahrain,6,14,Fernando Alonso,Aston Martin Aramco Mercedes,1:30.179,1:29.801,1:29.542,14,1074,4
Bahrain,7,4,Lando Norris,McLaren Mercedes,1:30.143,1:29.941,1:29.614,15,1074,846
Bahrain,8,81,Oscar Piastri,McLaren Mercedes,1:30.531,1:30.122,1:29.683,18,1074,857
Bahrain,9,44,Lewis Hamilton,Mercedes,1:30.451,1:29.718,1:29.710,18,1074,1
Bahrain,10,27,Nico Hulkenberg,Haas Ferrari,1:30.566,1:29.851,1:30.502,18,1074,807
Bahrain,11,22,Yuki Tsunoda,RB Honda RBPT,1:30.481,1:30.129,,12,1074,852
Bahrain,12,18,Lance Stroll,Aston Martin Aramco Mercedes,1:29.965,1:30.200,,12,1074,840
Bahrain,13,23,Alexander Albon,Williams Mercedes,1:30.397,1:30.221,,12,1074,848
Bahrain,14,3,Daniel Ricciardo,RB Honda RBPT,1:30.562,1:30.278,,12,1074,817
Bahrain,15,20,Kevin Magnussen,Haas Ferrari,1:30.646,1:30.529,,12,1074,825
Bahrain,16,77,Valtteri Bottas,Kick Sauber Ferrari,1:30.756,,,6,1074,822
Bahrain,17,24,Guanyu Zhou,Kick Sauber Ferrari,1:30.757,,,6,1074,855
Bahrain,18,2,Logan Sargeant,Williams Mercedes,1:30.770,,,6,1074,858
Bahrain,19,31,Esteban Ocon,Alpine Renault,1:30.793,,,9,1074,839
Bahrain,20,10,Pierre Gasly,Alpine Renault,1:30.948,,,9,1074,842
Saudi Arabia,1,1,Max Verstappen,Red Bull Racing Honda RBPT,1:28.171,1:28.033,1:27.472,18,1075,830
Saudi Arabia,2,16,Charles Leclerc,Ferrari,1:28.318,1:28.112,1:27.791,23,1075,844
Saudi Arabia,3,11,Sergio Perez,Red Bull Racing Honda RBPT,1:28.638,1:28.467,1:27.807,19,1075,815
Saudi Arabia,4,14,Fernando Alonso,Aston Martin Aramco Mercedes,1:28.706,1:28.122,1:27.846,17,1075,4
Saudi Arabia,5,81,Oscar Piastri,McLaren Mercedes,1:28.755,1:28.343,1:28.089,22,1075,857
Saudi Arabia,6,4,Lando Norris,McLaren Mercedes,1:28.805,1:28.479,1:28.132,22,1075,846
Saudi Arabia,7,63,George Russell,Mercedes,1:28.749,1:28.448,1:28.316,22,1075,847
Saudi Arabia,8,44,Lewis Hamilton,Mercedes,1:28.994,1:28.606,1:28.460,24,1075,1
Saudi Arabia,9,22,Yuki Tsunoda,RB Honda RBPT,1:28.988,1:28.564,1:28.547,18,1075,852
Saudi Arabia,10,18,Lance Stroll,Aston Martin Aramco Mercedes,1:28.250,1:28.578,1:28.572,19,1075,840
Saudi Arabia,11,38,Oliver Bearman,Ferrari,1:28.984,1:28.642,,18,1075,860
Saudi Arabia,12,23,Alexander Albon,Williams Mercedes,1:29.107,1:28.980,,16,1075,848
Saudi Arabia,13,20,Kevin Magnussen,Haas Ferrari,1:28.069,1:29.020,,17,1075,825
Saudi Arabia,14,3,Daniel Ricciardo,RB Honda RBPT,1:29.065,1:29.025,,12,1075,817
Saudi Arabia,15,27,Nico Hulkenberg,Haas Ferrari,1:29.055,DNF,,10,1075,807
Saudi Arabia,16,77,Valtteri Bottas,Kick Sauber Ferrari,1:29.179,,,9,1075,822
Saudi Arabia,17,31,Esteban Ocon,Alpine Renault,1:29.475,,,10,1075,839
Saudi Arabia,18,10,Pierre Gasly,Alpine Renault,1:29.479,,,9,1075,842
Saudi Arabia,19,2,Logan Sargeant,Williams Mercedes,1:29.526,,,9,1075,858
Saudi Arabia,NC,24,Guanyu Zhou,Kick Sauber Ferrari,DNF,,,2,1075,855
Australia,1,1,Max Verstappen,Red Bull Racing Honda RBPT,1:16.819,1:16.387,1:15.915,21,1076,830
Australia,2,55,Carlos Sainz,Ferrari,1:16.731,1:16.189,1:16.185,18,1076,832
Australia,3,11,Sergio Perez,Red Bull Racing Honda RBPT,1:16.805,1:16.631,1:16.274,22,1076,815
Australia,4,4,Lando Norris,McLaren Mercedes,1:17.430,1:16.750,1:16.315,19,1076,846
Australia,5,16,Charles Leclerc,Ferrari,1:16.984,1:16.304,1:16.435,20,1076,844
Australia,6,81,Oscar Piastri,McLaren Mercedes,1:17.369,1:16.601,1:16.572,18,1076,857
Australia,7,63,George Russell,Mercedes,1:17.062,1:16.901,1:16.724,23,1076,847
Australia,8,22,Yuki Tsunoda,RB Honda RBPT,1:17.356,1:16.791,1:16.788,18,1076,852
Australia,9,18,Lance Stroll,Aston Martin Aramco Mercedes,1:17.376,1:16.780,1:17.072,23,1076,840
Australia,10,14,Fernando Alonso,Aston Martin Aramco Mercedes,1:16.991,1:16.710,1:17.552,21,1076,4
Australia,11,44,Lewis Hamilton,Mercedes,1:17.499,1:16.960,,15,1076,1
Australia,12,23,Alexander Albon,Williams Mercedes,1:17.130,1:17.167,,15,1076,848
Australia,13,77,Valtteri Bottas,Kick Sauber Ferrari,1:17.543,1:17.340,,15,1076,822
Australia,14,20,Kevin Magnussen,Haas Ferrari,1:17.709,1:17.427,,13,1076,825
Australia,15,31,Esteban Ocon,Alpine Renault,1:17.617,1:17.697,,21,1076,839
Australia,16,27,Nico Hulkenberg,Haas Ferrari,1:17.976,,,8,1076,807
Australia,17,10,Pierre Gasly,Alpine Renault,1:17.982,,,11,1076,842
Australia,18,3,Daniel Ricciardo,RB Honda RBPT,1:18.085,,,6,1076,817
Australia,19,24,Guanyu Zhou,Kick Sauber Ferrari,1:18.188,,,9,1076,855
Japan,1,1,Max Verstappen,Red Bull Racing Honda RBPT,1:28.866,1:28.740,1:28.197,12,1077,830
Japan,2,11,Sergio Perez,Red Bull Racing Honda RBPT,1:29.303,1:28.752,1:28.263,12,1077,815
Japan,3,4,Lando Norris,McLaren Mercedes,1:29.536,1:28.940,1:28.489,13,1077,846
Japan,4,55,Carlos Sainz,Ferrari,1:29.513,1:29.099,1:28.682,12,1077,832
Japan,5,14,Fernando Alonso,Aston Martin Aramco Mercedes,1:29.254,1:29.082,1:28.686,12,1077,4
Japan,6,81,Oscar Piastri,McLaren Mercedes,1:29.425,1:29.148,1:28.760,12,1077,857
Japan,7,44,Lewis Hamilton,Mercedes,1:29.661,1:28.887,1:28.766,15,1077,1
Japan,8,16,Charles Leclerc,Ferrari,1:29.338,1:29.196,1:28.786,12,1077,844
Japan,9,63,George Russell,Mercedes,1:29.799,1:28.140,1:29.008,15,1077,847
Japan,10,22,Yuki Tsunoda,RB Honda RBPT,1:29.775,1:29.417,1:29.413,18,1077,852
Japan,11,3,Daniel Ricciardo,RB Honda RBPT,1:29.727,1:29.472,,12,1077,817
Japan,12,27,Nico Hulkenberg,Haas Ferrari,1:29.821,1:29.494,,12,1077,807
Japan,13,77,Valtteri Bottas,Kick Sauber Ferrari,1:29.602,1:29.593,,12,1077,822
Japan,14,23,Alexander Albon,Williams Mercedes,1:29.963,1:29.714,,9,1077,848
Japan,15,31,Esteban Ocon,Alpine Renault,1:29.811,1:29.816,,12,1077,839
Japan,16,18,Lance Stroll,Aston Martin Aramco Mercedes,1:30.024,,,6,1077,840
Japan,17,10,Pierre Gasly,Alpine Renault,1:30.119,,,6,1077,842
Japan,18,20,Kevin Magnussen,Haas Ferrari,1:30.131,,,9,1077,825
Japan,19,2,Logan Sargeant,Williams Mercedes,1:30.139,,,6,1077,858
Japan,20,24,Guanyu Zhou,Kick Sauber Ferrari,1:30.143,,,6,1077,855
China,1,1,Max Verstappen,Red Bull Racing Honda RBPT,1:34.742,1:33.794,1:33.660,18,1078,830
China,2,11,Sergio Perez,Red Bull Racing Honda RBPT,1:35.457,1:34.026,1:33.982,19,1078,815
China,3,14,Fernando Alonso,Aston Martin Aramco Mercedes,1:35.116,1:34.652,1:34.148,15,1078,4
China,4,4,Lando Norris,McLaren Mercedes,1:34.842,1:34.460,1:34.165,15,1078,846
China,5,81,Oscar Piastri,McLaren Mercedes,1:35.014,1:34.659,1:34.273,16,1078,857
China,6,16,Charles Leclerc,Ferrari,1:34.797,1:34.399,1:34.289,20,1078,844
China,7,55,Carlos Sainz,Ferrari,1:34.970,1:34.368,1:34.297,17,1078,832
China,8,63,George Russell,Mercedes,1:35.084,1:34.609,1:34.433,20,1078,847
China,9,27,Nico Hulkenberg,Haas Ferrari,1:35.068,1:34.667,1:34.604,21,1078,807
China,10,77,Valtteri Bottas,Kick Sauber Ferrari,1:35.169,1:34.769,1:34.665,15,1078,822
China,11,18,Lance Stroll,Aston Martin Aramco Mercedes,1:35.334,1:34.838,,12,1078,840
China,12,3,Daniel Ricciardo,RB Honda RBPT,1:35.443,1:34.934,,12,1078,817
China,13,31,Esteban Ocon,Alpine Renault,1:35.356,1:35.223,,15,1078,839
China,14,23,Alexander Albon,Williams Mercedes,1:35.384,1:35.241,,14,1078,848
China,15,10,Pierre Gasly,Alpine Renault,1:35.287,1:35.463,,15,1078,842
China,16,24,Guanyu Zhou,Kick Sauber Ferrari,1:35.505,,,8,1078,855
China,17,20,Kevin Magnussen,Haas Ferrari,1:35.516,,,6,1078,825
China,18,44,Lewis Hamilton,Mercedes,1:35.573,,,6,1078,1
China,19,22,Yuki Tsunoda,RB Honda RBPT,1:35.746,,,9,1078,852
China,20,2,Logan Sargeant,Williams Mercedes,1:36.358,,,7,1078,858
Miami,1,1,Max Verstappen,Red Bull Racing Honda RBPT,1:27.689,1:27.566,1:27.241,18,1079,830
Miami,2,16,Charles Leclerc,Ferrari,1:28.081,1:27.533,1:27.382,21,1079,844
Miami,3,55,Carlos Sainz,Ferrari,1:27.937,1:27.941,1:27.455,21,1079,832
Miami,4,11,Sergio Perez,Red Bull Racing Honda RBPT,1:27.772,1:27.839,1:27.460,18,1079,815
Miami,5,4,Lando Norris,McLaren Mercedes,1:27.913,1:27.871,1:27.594,21,1079,846
Miami,6,81,Oscar Piastri,McLaren Mercedes,1:28.032,1:27.721,1:27.675,19,1079,857
Miami,7,63,George Russell,Mercedes,1:28.159,1:28.095,1:28.067,21,1079,847
Miami,8,44,Lewis Hamilton,Mercedes,1:28.167,1:27.697,1:28.107,21,1079,1
Miami,9,27,Nico Hulkenberg,Haas Ferrari,1:28.383,1:28.200,1:28.146,21,1079,807
Miami,10,22,Yuki Tsunoda,RB Honda RBPT,1:28.324,1:28.167,1:28.192,21,1079,852
Miami,11,18,Lance Stroll,Aston Martin Aramco Mercedes,1:28.177,1:28.222,,15,1079,840
Miami,12,10,Pierre Gasly,Alpine Renault,1:27.976,1:28.324,,15,1079,842
Miami,13,31,Esteban Ocon,Alpine Renault,1:28.209,1:28.371,,15,1079,839
Miami,14,23,Alexander Albon,Williams Mercedes,1:28.343,1:28.413,,15,1079,848
Miami,15,14,Fernando Alonso,Aston Martin Aramco Mercedes,1:28.453,1:28.427,,15,1079,4
Miami,16,77,Valtteri Bottas,Kick Sauber Ferrari,1:28.463,,,6,1079,822
Miami,17,2,Logan Sargeant,Williams Mercedes,1:28.487,,,8,1079,858
Miami,18,3,Daniel Ricciardo,RB Honda RBPT,1:28.617,,,9,1079,817
Miami,19,20,Kevin Magnussen,Haas Ferrari,1:28.619,,,9,1079,825
Miami,20,24,Guanyu Zhou,Kick Sauber Ferrari,1:28.824,,,9,1079,855
Emilia Romagna,1,1,Max Verstappen,Red Bull Racing Honda RBPT,1:15.762,1:15.176,1:14.746,18,1080,830
Emilia Romagna,2,81,Oscar Piastri,McLaren Mercedes,1:15.940,1:15.407,1:14.820,15,1080,857
Emilia Romagna,3,4,Lando Norris,McLaren Mercedes,1:15.915,1:15.371,1:14.837,19,1080,846
Emilia Romagna,4,16,Charles Leclerc,Ferrari,1:15.823,1:15.328,1:14.970,21,1080,844
Emilia Romagna,5,55,Carlos Sainz,Ferrari,1:16.015,1:15.512,1:15.233,20,1080,832
Emilia Romagna,6,63,George Russell,Mercedes,1:16.107,1:15.671,1:15.234,18,1080,847
Emilia Romagna,7,22,Yuki Tsunoda,RB Honda RBPT,1:15.894,1:15.358,1:15.465,15,1080,852
Emilia Romagna,8,44,Lewis Hamilton,Mercedes,1:16.604,1:15.677,1:15.504,20,1080,1
Emilia Romagna,9,3,Daniel Ricciardo,RB Honda RBPT,1:16.060,1:15.691,1:15.674,15,1080,817
Emilia Romagna,10,27,Nico Hulkenberg,Haas Ferrari,1:15.841,1:15.569,1:15.980,21,1080,807
Emilia Romagna,11,11,Sergio Perez,Red Bull Racing Honda RBPT,1:16.404,1:15.706,,10,1080,815
Emilia Romagna,12,31,Esteban Ocon,Alpine Renault,1:16.361,1:15.906,,15,1080,839
Emilia Romagna,13,18,Lance Stroll,Aston Martin Aramco Mercedes,1:16.458,1:15.992,,15,1080,840
Emilia Romagna,14,23,Alexander Albon,Williams Mercedes,1:16.524,1:16.200,,12,1080,848
Emilia Romagna,15,10,Pierre Gasly,Alpine Renault,1:16.015,1:16.381,,14,1080,842
Emilia Romagna,16,77,Valtteri Bottas,Kick Sauber Ferrari,1:16.626,,,6,1080,822
Emilia Romagna,17,24,Guanyu Zhou,Kick Sauber Ferrari,1:16.834,,,9,1080,855
Emilia Romagna,18,20,Kevin Magnussen,Haas Ferrari,1:16.854,,,8,1080,825
Emilia Romagna,19,14,Fernando Alonso,Aston Martin Aramco Mercedes,1:16.917,,,7,1080,4
Emilia Romagna,NC,2,Logan Sargeant,Williams Mercedes,DNF,,,8,1080,858
Monaco,1,16,Charles Leclerc,Ferrari,1:11.584,1:10.825,1:10.270,26,1081,844
Monaco,2,81,Oscar Piastri,McLaren Mercedes,1:11.500,1:10.756,1:10.424,24,1081,857
Monaco,3,55,Carlos Sainz,Ferrari,1:11.543,1:11.075,1:10.518,28,1081,832
Monaco,4,4,Lando Norris,McLaren Mercedes,1:11.760,1:10.732,1:10.542,27,1081,846
Monaco,5,63,George Russell,Mercedes,1:11.492,1:10.929,1:10.543,28,1081,847
Monaco,6,1,Max Verstappen,Red Bull Racing Honda RBPT,1:11.711,1:10.745,1:10.567,28,1081,830
Monaco,7,44,Lewis Hamilton,Mercedes,1:11.528,1:11.056,1:10.621,28,1081,1
Monaco,8,22,Yuki Tsunoda,RB Honda RBPT,1:11.852,1:11.106,1:10.858,25,1081,852
Monaco,9,23,Alexander Albon,Williams Mercedes,1:11.623,1:11.216,1:10.948,29,1081,848
Monaco,10,10,Pierre Gasly,Alpine Renault,1:11.714,1:10.896,1:11.311,30,1081,842
Monaco,11,31,Esteban Ocon,Alpine Renault,1:11.887,1:11.285,,20,1081,839
Monaco,NC,27,Nico Hulkenberg,Haas Ferrari,1:11.876,1:11.440,,20,1081,807
Monaco,12,3,Daniel Ricciardo,RB Honda RBPT,1:11:785,1:11.482,,21,1081,817
Monaco,13,18,Lance Stroll,Aston Martin Aramco Mercedes,1:11.728,1:11.563,,17,1081,840
Monaco,NC,20,Kevin Magnussen,Haas Ferrari,1:11.832,1:11.725,,18,1081,825
Monaco,14,14,Fernando Alonso,Aston Martin Aramco Mercedes,1:12.019,,,11,1081,4
Monaco,15,2,Logan Sargeant,Williams Mercedes,1:12.020,,,12,1081,858
Monaco,16,11,Sergio Perez,Red Bull Racing Honda RBPT,1:12.060,,,12,1081,815
Monaco,17,77,Valtteri Bottas,Kick Sauber Ferrari,1:12.512,,,11,1081,822
Monaco,18,24,Guanyu Zhou,Kick Sauber Ferrari,1:13.028,,,11,1081,855
Canada,1,63,George Russell,Mercedes,1:13.013,1:11.742,1:12.000,26,1082,847
Canada,2,1,Max Verstappen,Red Bull Racing Honda RBPT,1:12.360,1:12.549,1:12.000,27,1082,830
Canada,3,4,Lando Norris,McLaren Mercedes,1:12.959,1:12.201,1:12.021,25,1082,846
Canada,4,81,Oscar Piastri,McLaren Mercedes,1:12.907,1:12.462,1:12.103,29,1082,857
Canada,5,3,Daniel Ricciardo,RB Honda RBPT,1:13.240,1:12.572,1:12.178,25,1082,817
Canada,6,14,Fernando Alonso,Aston Martin Aramco Mercedes,1:13.117,1:12.635,1:12.228,23,1082,4
Canada,7,44,Lewis Hamilton,Mercedes,1:12.851,1:11.979,1:12.280,26,1082,1
Canada,8,22,Yuki Tsunoda,RB Honda RBPT,1:12.748,1:12.303,1:12.414,24,1082,852
Canada,9,18,Lance Stroll,Aston Martin Aramco Mercedes,1:13.088,1:12.659,1:12.701,25,1082,840
Canada,10,23,Alexander Albon,Williams Mercedes,1:12.896,1:12.485,1:12.796,26,1082,848
Canada,11,16,Charles Leclerc,Ferrari,1:13.107,1:12.691,,21,1082,844
Canada,12,55,Carlos Sainz,Ferrari,1:13.038,1:12.728,,22,1082,832
Canada,13,2,Logan Sargeant,Williams Mercedes,1:13.063,1:12.736,,22,1082,858
Canada,14,20,Kevin Magnussen,Haas Ferrari,1:13.217,1:12.916,,16,1082,825
Canada,15,10,Pierre Gasly,Alpine Renault,1:13.289,1:12.940,,18,1082,842
Canada,16,11,Sergio Perez,Red Bull Racing Honda RBPT,1:13.326,,,11,1082,815
Canada,17,77,Valtteri Bottas,Kick Sauber Ferrari,1:13.366,,,10,1082,822
Canada,18,31,Esteban Ocon,Alpine Renault,1:13.435,,,11,1082,839
Canada,19,27,Nico Hulkenberg,Haas Ferrari,1:13.978,,,10,1082,807
Canada,20,24,Guanyu Zhou,Kick Sauber Ferrari,1:14.292,,,11,1082,855
Spain,1,4,Lando Norris,McLaren Mercedes,1:12.386,1:11.872,1:11.383,12,1083,846
Spain,2,1,Max Verstappen,Red Bull Racing Honda RBPT,1:12.306,1:11.653,1:11.403,12,1083,830
Spain,3,44,Lewis Hamilton,Mercedes,1:12.143,1:11.792,1:11.701,18,1083,1
Spain,4,63,George Russell,Mercedes,1:12.456,1:11.812,1:11.703,16,1083,847
Spain,5,16,Charles Leclerc,Ferrari,1:12.257,1:12.038,1:11.731,12,1083,844
Spain,6,55,Carlos Sainz,Ferrari,1:12.403,1:11.874,1:11.736,12,1083,832
Spain,7,10,Pierre Gasly,Alpine Renault,1:12.651,1:12.079,1:11.857,18,1083,842
Spain,8,11,Sergio Perez,Red Bull Racing Honda RBPT,1:12.477,1:12.054,1:12.061,18,1083,815
Spain,9,31,Esteban Ocon,Alpine Renault,1:12.691,1:12.109,1:12.125,18,1083,839
Spain,10,81,Oscar Piastri,McLaren Mercedes,1:12.460,1:12.011,DNF,18,1083,857
Spain,11,14,Fernando Alonso,Aston Martin Aramco Mercedes,1:12.505,1:12.128,,12,1083,4
Spain,12,77,Valtteri Bottas,Kick Sauber Ferrari,1:12.758,1:12.227,,12,1083,822
Spain,13,27,Nico Hulkenberg,Haas Ferrari,1:12.708,1:12.310,,12,1083,807
Spain,14,18,Lance Stroll,Aston Martin Aramco Mercedes,1:12.881,1:12.372,,15,1083,840
Spain,15,24,Guanyu Zhou,Kick Sauber Ferrari,1:12.880,1:12.738,,15,1083,855
Spain,16,20,Kevin Magnussen,Haas Ferrari,1:12.937,,,6,1083,825
Spain,17,22,Yuki Tsunoda,RB Honda RBPT,1:12.985,,,9,1083,852
Spain,18,3,Daniel Ricciardo,RB Honda RBPT,1:13.075,,,9,1083,817
Spain,19,23,Alexander Albon,Williams Mercedes,1:13.153,,,6,1083,848
Spain,20,2,Logan Sargeant,Williams Mercedes,1:13.509,,,9,1083,858
Austria,1,1,Max Verstappen,Red Bull Racing Honda RBPT,1:05.336,1:04.469,1:04.314,18,1084,830
Austria,2,4,Lando Norris,McLaren Mercedes,1:05.450,1:05.103,1:04.718,20,1084,846
Austria,3,63,George Russell,Mercedes,1:05.585,1:05.016,1:04.840,18,1084,847
Austria,4,55,Carlos Sainz,Ferrari,1:05.263,1:05.016,1:04.851,18,1084,832
Austria,5,44,Lewis Hamilton,Mercedes,1:05.541,1:05.053,1:04.903,18,1084,1
Austria,6,16,Charles Leclerc,Ferrari,1:05.509,1:05.104,1:05.044,22,1084,844
Austria,7,81,Oscar Piastri,McLaren Mercedes,1:05.311,1:05.070,1:05.048,17,1084,857
Austria,8,11,Sergio Perez,Red Bull Racing Honda RBPT,1:05.587,1:05.144,1:05.202,21,1084,815
Austria,9,27,Nico Hulkenberg,Haas Ferrari,1:05.596,1:05.262,1:05.385,21,1084,807
Austria,10,31,Esteban Ocon,Alpine Renault,1:05.574,1:05.274,1:05.883,24,1084,839
Austria,11,3,Daniel Ricciardo,RB Honda RBPT,1:05.569,1:05.289,,15,1084,817
Austria,12,20,Kevin Magnussen,Haas Ferrari,1:05.508,1:05.347,,15,1084,825
Austria,13,10,Pierre Gasly,Alpine Renault,1:05.598,1:05.359,,18,1084,842
Austria,14,22,Yuki Tsunoda,RB Honda RBPT,1:05.563,1:05.412,,15,1084,852
Austria,15,14,Fernando Alonso,Aston Martin Aramco Mercedes,1:05.656,1:05.639,,15,1084,4
Austria,16,23,Alexander Albon,Williams Mercedes,1:05.736,,,9,1084,848
Austria,17,18,Lance Stroll,Aston Martin Aramco Mercedes,1:05.819,,,9,1084,840
Austria,18,77,Valtteri Bottas,Kick Sauber Ferrari,1:05.847,,,9,1084,822
Austria,19,2,Logan Sargeant,Williams Mercedes,1:05.856,,,9,1084,858
Austria,20,24,Guanyu Zhou,Kick Sauber Ferrari,1:06.061,,,9,1084,855
Great Britain,1,63,George Russell,Mercedes,1:30.106,1:26.723,1:25.819,26,1085,847
Great Britain,2,44,Lewis Hamilton,Mercedes,1:29.547,1:26.770,1:25.990,25,1085,1
Great Britain,3,4,Lando Norris,McLaren Mercedes,1:31.596,1:26.559,1:26.030,22,1085,846
Great Britain,4,1,Max Verstappen,Red Bull Racing Honda RBPT,1:31.342,1:26.796,1:26.203,24,1085,830
Great Britain,5,81,Oscar Piastri,McLaren Mercedes,1:30.895,1:26.733,1:26.237,24,1085,857
Great Britain,6,27,Nico Hulkenberg,Haas Ferrari,1:31.929,1:26.847,1:26.338,17,1085,807
Great Britain,7,55,Carlos Sainz,Ferrari,1:30.557,1:26.843,1:26.509,24,1085,832
Great Britain,8,18,Lance Stroll,Aston Martin Aramco Mercedes,1:31.410,1:26.938,1:26.585,24,1085,840
Great Britain,9,23,Alexander Albon,Williams Mercedes,1:31.135,1:26.933,1:26.640,23,1085,848
Great Britain,10,14,Fernando Alonso,Aston Martin Aramco Mercedes,1:31.264,1:26.730,1:26.917,24,1085,4
Great Britain,11,16,Charles Leclerc,Ferrari,1:30.496,1:27.097,,18,1085,844
Great Britain,12,2,Logan Sargeant,Williams Mercedes,1:31.608,1:27.175,,20,1085,858
Great Britain,13,22,Yuki Tsunoda,RB Honda RBPT,1:30.994,1:27.269,,17,1085,852
Great Britain,14,24,Guanyu Zhou,Kick Sauber Ferrari,1:31.190,1:27.867,,22,1085,855
Great Britain,15,3,Daniel Ricciardo,RB Honda RBPT,1:31.291,1:27.949,,18,1085,817
Great Britain,16,77,Valtteri Bottas,Kick Sauber Ferrari,1:32.431,,,11,1085,822
Great Britain,17,20,Kevin Magnussen,Haas Ferrari,1:32.905,,,6,1085,825
Great Britain,18,31,Esteban Ocon,Alpine Renault,1:34.557,,,11,1085,839
Great Britain,19,11,Sergio Perez,Red Bull Racing Honda RBPT,1:38.348,,,5,1085,815
Great Britain,20,10,Pierre Gasly,Alpine Renault,1:39.804,,,7,1085,842
Hungary,1,4,Lando Norris,McLaren Mercedes,1:17.755,1:15.540,1:15.227,22,1086,846
Hungary,2,81,Oscar Piastri,McLaren Mercedes,1:17.504,1:15.785,1:15.249,21,1086,857
Hungary,3,1,Max Verstappen,Red Bull Racing Honda RBPT,1:17.087,1:15.770,1:15.273,21,1086,830
Hungary,4,55,Carlos Sainz,Ferrari,1:17.244,1:15.885,1:15.696,26,1086,832
Hungary,5,44,Lewis Hamilton,Mercedes,1:17.087,1:16.307,1:15.854,24,1086,1
Hungary,6,16,Charles Leclerc,Ferrari,1:17.437,1:15.891,1:15.905,22,1086,844
Hungary,7,14,Fernando Alonso,Aston Martin Aramco Mercedes,1:17.624,1:16.117,1:16.043,18,1086,4
Hungary,8,18,Lance Stroll,Aston Martin Aramco Mercedes,1:17.405,1:16.075,1:16.244,22,1086,840
Hungary,9,3,Daniel Ricciardo,RB Honda RBPT,1:17.050,1:16.202,1:16.447,20,1086,817
Hungary,10,22,Yuki Tsunoda,RB Honda RBPT,1:17.436,1:16.121,1:16.477,20,1086,852
Hungary,11,27,Nico Hulkenberg,Haas Ferrari,1:17.362,1:16.317,,16,1086,807
Hungary,12,77,Valtteri Bottas,Kick Sauber Ferrari,1:17.487,1:16.384,,19,1086,822
Hungary,13,23,Alexander Albon,Williams Mercedes,1:17.280,1:16.429,,16,1086,848
Hungary,14,2,Logan Sargeant,Williams Mercedes,1:17.770,1:16.543,,13,1086,858
Hungary,15,20,Kevin Magnussen,Haas Ferrari,1:17.851,1:16.548,,15,1086,825
Hungary,16,11,Sergio Perez,Red Bull Racing Honda RBPT,1:17.886,,,6,1086,815
Hungary,17,63,George Russell,Mercedes,1:17.968,,,9,1086,847
Hungary,18,24,Guanyu Zhou,Kick Sauber Ferrari,1:18.037,,,12,1086,855
Hungary,19,31,Esteban Ocon,Alpine Renault,1:18.049,,,6,1086,839
Hungary,20,10,Pierre Gasly,Alpine Renault,1:18.166,,,6,1086,842
Belgium,1,1,Max Verstappen,Red Bull Racing Honda RBPT,1:54.938,1:53.837,1:53.159,21,1087,830
Belgium,2,16,Charles Leclerc,Ferrari,1:55.349,1:54.193,1:53.754,22,1087,844
Belgium,3,11,Sergio Perez,Red Bull Racing Honda RBPT,1:55.139,1:54.470,1:53.765,21,1087,815
Belgium,4,44,Lewis Hamilton,Mercedes,1:55.692,1:54.037,1:53.835,22,1087,1
Belgium,5,4,Lando Norris,McLaren Mercedes,1:55.582,1:54.358,1:53.981,24,1087,846
Belgium,6,81,Oscar Piastri,McLaren Mercedes,1:54.835,1:54.136,1:54.027,23,1087,857
Belgium,7,63,George Russell,Mercedes,1:55.353,1:54.095,1:54.184,22,1087,847
Belgium,8,55,Carlos Sainz,Ferrari,1:55.169,1:54.112,1:54.477,23,1087,832
Belgium,9,14,Fernando Alonso,Aston Martin Aramco Mercedes,1:55.489,1:54.258,1:54.765,23,1087,4
Belgium,10,31,Esteban Ocon,Alpine Renault,1:55.417,1:54.460,1:54.810,23,1087,839
Belgium,11,23,Alexander Albon,Williams Mercedes,1:55.722,1:54.473,,16,1087,848
Belgium,12,10,Pierre Gasly,Alpine Renault,1:54.911,1:54.635,,17,1087,842
Belgium,13,3,Daniel Ricciardo,RB Honda RBPT,1:55.451,1:54.682,,14,1087,817
Belgium,14,77,Valtteri Bottas,Kick Sauber Ferrari,1:55.531,1:54.764,,17,1087,822
Belgium,15,18,Lance Stroll,Aston Martin Aramco Mercedes,1:56.072,1:55.716,,17,1087,840
Belgium,16,27,Nico Hulkenberg,Haas Ferrari,1:56.308,,,9,1087,807
Belgium,17,20,Kevin Magnussen,Haas Ferrari,1:56.500,,,9,1087,825
Belgium,18,22,Yuki Tsunoda,RB Honda RBPT,1:56.593,,,8,1087,852
Belgium,19,2,Logan Sargeant,Williams Mercedes,1:57.230,,,8,1087,858
Belgium,20,24,Guanyu Zhou,Kick Sauber Ferrari,1:57.775,,,9,1087,855
Netherlands,1,4,Lando Norris,McLaren Mercedes,1:11.377,1:10.496,1:09.673,14,1088,846
Netherlands,2,1,Max Verstappen,Red Bull Racing Honda RBPT,1:11.393,1:10.811,1:10.029,14,1088,830
Netherlands,3,81,Oscar Piastri,McLaren Mercedes,1:11.541,1:10.505,1:10.172,16,1088,857
Netherlands,4,63,George Russell,Mercedes,1:11.049,1:10.552,1:10.244,18,1088,847
Netherlands,5,11,Sergio Perez,Red Bull Racing Honda RBPT,1:11.006,1:10.678,1:10.416,17,1088,815
Netherlands,6,16,Charles Leclerc,Ferrari,1:11.370,1:10.689,1:10.582,24,1088,844
Netherlands,7,14,Fernando Alonso,Aston Martin Aramco Mercedes,1:11.493,1:10.845,1:10.633,16,1088,4
Netherlands,DQ,23,Alexander Albon,Williams Mercedes,,,,0,1088,848
Netherlands,8,18,Lance Stroll,Aston Martin Aramco Mercedes,1:11:518,1:10.611,1:10.857,19,1088,840
Netherlands,9,10,Pierre Gasly,Alpine Renault,1:11.718,1:10.815,1:10.977,20,1088,842
Netherlands,10,55,Carlos Sainz,Ferrari,1:11.327,1:10.914,,18,1088,832
Netherlands,11,44,Lewis Hamilton,Mercedes,1:11.375,1:10.948,,13,1088,1
Netherlands,12,22,Yuki Tsunoda,RB Honda RBPT,1:11.603,1:10.955,,15,1088,852
Netherlands,13,27,Nico Hulkenberg,Haas Ferrari,1:11.832,1:11.215,,17,1088,807
Netherlands,14,20,Kevin Magnussen,Haas Ferrari,1:11.630,1:11.295,,15,1088,825
Netherlands,15,3,Daniel Ricciardo,RB Honda RBPT,1:11.943,,,9,1088,817
Netherlands,16,31,Esteban Ocon,Alpine Renault,1:11.995,,,9,1088,839
Netherlands,17,77,Valtteri Bottas,Kick Sauber Ferrari,1:12.168,,,9,1088,822
Netherlands,18,24,Guanyu Zhou,Kick Sauber Ferrari,1:13.261,,,9,1088,855
Italy,1,4,Lando Norris,McLaren Mercedes,1:19.911,1:19.727,1:19.327,12,1089,846
Italy,2,81,Oscar Piastri,McLaren Mercedes,1:20.076,1:19.808,1:19.436,19,1089,857
Italy,3,63,George Russell,Mercedes,1:20.169,1:19.877,1:19.400,18,1089,847
Italy,4,16,Charles Leclerc,Ferrari,1:20.074,1:20.007,1:19.461,21,1089,844
Italy,5,55,Carlos Sainz,Ferrari,1:20.149,1:19.799,1:19.467,18,1089,832
Italy,6,44,Lewis Hamilton,Mercedes,1:20.477,1:19.641,1:19.513,18,1089,1
Italy,7,1,Max Verstappen,Red Bull Racing Honda RBPT,1:20.226,1:19.662,1:20.022,18,1089,830
Italy,8,11,Sergio Perez,Red Bull Racing Honda RBPT,1:20.598,1:20.216,1:20.062,17,1089,815
Italy,9,23,Alexander Albon,Williams Mercedes,1:20.542,1:20.314,1:20.299,18,1089,848
Italy,10,27,Nico Hulkenberg,Haas Ferrari,1:20.781,1:20.411,1:20.339,18,1089,807
Italy,11,14,Fernando Alonso,Aston Martin Aramco Mercedes,1:20.617,1:20.421,,11,1089,4
Italy,12,3,Daniel Ricciardo,RB Honda RBPT,1:20.901,1:20.479,,12,1089,817
Italy,13,20,Kevin Magnussen,Haas Ferrari,1:20.856,1:20.698,,11,1089,825
Italy,14,10,Pierre Gasly,Alpine Renault,1:20.748,1:20.738,,16,1089,842
Italy,15,31,Esteban Ocon,Alpine Renault,1:20.764,1:20.766,,16,1089,839
Italy,16,22,Yuki Tsunoda,RB Honda RBPT,1:20.945,,,6,1089,852
Italy,17,18,Lance Stroll,Aston Martin Aramco Mercedes,1:21.013,,,6,1089,840
Italy,18,43,Franco Colapinto,Williams Mercedes,1:21.061,,,6,1089,861
Italy,19,77,Valtteri Bottas,Kick Sauber Ferrari,1:21.101,,,6,1089,822
Italy,20,24,Guanyu Zhou,Kick Sauber Ferrari,1:21.445,,,9,1089,855
Azerbaijan,1,16,Charles Leclerc,Ferrari,1:42.775,1:42.056,1:41.365,20,1091,844
Azerbaijan,2,81,Oscar Piastri,McLaren Mercedes,1:43.033,1:42.598,1:41.686,19,1091,857
Azerbaijan,3,55,Carlos Sainz,Ferrari,1:43.357,1:42.503,1:41.805,23,1091,832
Azerbaijan,4,11,Sergio Perez,Red Bull Racing Honda RBPT,1:43.213,1:42.263,1:41.813,15,1091,815
Azerbaijan,5,63,George Russell,Mercedes,1:43.139,1:42.329,1:41.874,20,1091,847
Azerbaijan,6,1,Max Verstappen,Red Bull Racing Honda RBPT,1:43.097,1:42.042,1:42.023,20,1091,830
Azerbaijan,7,44,Lewis Hamilton,Mercedes,1:43.089,1:42.765,1:42.289,22,1091,1
Azerbaijan,8,14,Fernando Alonso,Aston Martin Aramco Mercedes,1:43.472,1:42.426,1:42.369,19,1091,4
Azerbaijan,9,43,Franco Colapinto,Williams Mercedes,1:43.138,1:42.473,1:42.530,20,1091,861
Azerbaijan,10,23,Alexander Albon,Williams Mercedes,1:42.899,1:42.840,1:42.859,19,1091,848
Azerbaijan,11,50,Oliver Bearman,Haas Ferrari,1:43.471,1:42.968,,14,1091,860
Azerbaijan,12,22,Yuki Tsunoda,RB Honda RBPT,1:43.337,1:43.035,,16,1091,852
Azerbaijan,DQ,10,Pierre Gasly,Alpine Renault,,,,0,1091,842
Azerbaijan,13,27,Nico Hulkenberg,Haas Ferrari,1:43.101,1:43.191,,14,1091,807
Azerbaijan,14,18,Lance Stroll,Aston Martin Aramco Mercedes,1:43.370,1:43.404,,14,1091,840
Azerbaijan,15,3,Daniel Ricciardo,RB Honda RBPT,1:43.547,,,9,1091,817
Azerbaijan,16,4,Lando Norris,McLaren Mercedes,1:43.609,,,7,1091,846
Azerbaijan,17,77,Valtteri Bottas,Kick Sauber Ferrari,1:43.618,,,7,1091,822
Azerbaijan,18,24,Guanyu Zhou,Kick Sauber Ferrari,1:44.246,,,10,1091,855
Azerbaijan,19,31,Esteban Ocon,Alpine Renault,1:44.504,,,8,1091,839
Singapore,1,4,Lando Norris,McLaren Mercedes,1:30.002,1:30.007,1:29.525,16,1092,846
Singapore,2,1,Max Verstappen,Red Bull Racing Honda RBPT,1:30.157,1:29.680,1:29.728,18,1092,830
Singapore,3,44,Lewis Hamilton,Mercedes,1:30.393,1:29.929,1:29.841,16,1092,1
Singapore,4,63,George Russell,Mercedes,1:30.811,1:30.153,1:29.867,17,1092,847
Singapore,5,81,Oscar Piastri,McLaren Mercedes,1:30.258,1:29.640,1:29.953,18,1092,857
Singapore,6,27,Nico Hulkenberg,Haas Ferrari,1:30.724,1:30.150,1:30.115,18,1092,807
Singapore,7,14,Fernando Alonso,Aston Martin Aramco Mercedes,1:30.684,1:30.450,1:30.214,17,1092,4
Singapore,8,22,Yuki Tsunoda,RB Honda RBPT,1:30.716,1:30.289,1:30.354,17,1092,852
Singapore,9,16,Charles Leclerc,Ferrari,1:30.786,1:29.747,DNF,19,1092,844
Singapore,10,55,Carlos Sainz,Ferrari,1:30.670,1:30.108,DNS,16,1092,832
Singapore,11,23,Alexander Albon,Williams Mercedes,1:30.679,1:30.474,,12,1092,848
Singapore,12,43,Franco Colapinto,Williams Mercedes,1:30.704,1:30.481,,12,1092,861
Singapore,13,11,Sergio Perez,Red Bull Racing Honda RBPT,1:30.624,1:30.579,,14,1092,815
Singapore,14,20,Kevin Magnussen,Haas Ferrari,1:30.829,1:30.653,,12,1092,825
Singapore,15,31,Esteban Ocon,Alpine Renault,1:30.958,1:30.769,,15,1092,839
Singapore,16,3,Daniel Ricciardo,RB Honda RBPT,1:31.085,,,6,1092,817
Singapore,17,18,Lance Stroll,Aston Martin Aramco Mercedes,1:31.094,,,6,1092,840
Singapore,18,10,Pierre Gasly,Alpine Renault,1:31.312,,,9,1092,842
Singapore,19,77,Valtteri Bottas,Kick Sauber Ferrari,1:31.572,,,9,1092,822
Singapore,20,24,Guanyu Zhou,Kick Sauber Ferrari,1:32.054,,,9,1092,855
United States,1,4,Lando Norris,McLaren Mercedes,1:33.616,1:32.851,1:32.330,16,1093,846
United States,2,1,Max Verstappen,Red Bull Racing Honda RBPT,1:33.046,1:32.584,1:32.361,17,1093,830
United States,3,55,Carlos Sainz,Ferrari,1:33.556,1:32.836,1:32.652,19,1093,832
United States,4,16,Charles Leclerc,Ferrari,1:33.241,1:32.962,1:32.740,20,1093,844
United States,5,81,Oscar Piastri,McLaren Mercedes,1:33.864,1:33.0.57,1:32.950,19,1093,857
United States,6,63,George Russell,Mercedes,1:33.536,1:33.142,1:32.974,15,1093,847
United States,7,10,Pierre Gasly,Alpine Renault,1:33.550,1:33.162,1:33.018,20,1093,842
United States,8,14,Fernando Alonso,Aston Martin Aramco Mercedes,1:33.973,1:33.429,1:33.309,18,1093,4
United States,9,20,Kevin Magnussen,Haas Ferrari,1:33.564,1:33.474,1:33.481,17,1093,825
United States,10,11,Sergio Perez,Red Bull Racing Honda RBPT,1:33.611,1:33.020,DNF,17,1093,815
United States,11,22,Yuki Tsunoda,RB Honda RBPT,1:33.795,1:33.506,,14,1093,852
United States,12,27,Nico Hulkenberg,Haas Ferrari,1:33.601,1:33.544,,12,1093,807
United States,13,31,Esteban Ocon,Alpine Renault,1:33.986,1:33.597,,15,1093,839
United States,14,18,Lance Stroll,Aston Martin Aramco Mercedes,1:34.033,1:33.759,,14,1093,840
United States,15,30,Liam Lawson,RB Honda RBPT,1:33.339,DNS,,11,1093,859
United States,16,23,Alexander Albon,Williams Mercedes,1:34.051,,,8,1093,848
United States,17,43,Franco Colapinto,Williams Mercedes,1:34.062,,,6,1093,861
United States,18,77,Valtteri Bottas,Kick Sauber Ferrari,1:34.152,,,9,1093,822
United States,19,44,Lewis Hamilton,Mercedes,1:34.154,,,6,1093,1
United States,20,24,Guanyu Zhou,Kick Sauber Ferrari,1:34.228,,,9,1093,855
Mexico,1,55,Carlos Sainz,Ferrari,1:16.778,1:16.515,1:15.946,21,1094,832
Mexico,2,1,Max Verstappen,Red Bull Racing Honda RBPT,1:16.803,1:16.514,1:16.171,18,1094,830
Mexico,3,4,Lando Norris,McLaren Mercedes,1:16.505,1:16.301,1:16.260,15,1094,846
Mexico,4,16,Charles Leclerc,Ferrari,1:16.972,1:16.641,1:16.265,21,1094,844
Mexico,5,63,George Russell,Mercedes,1:17.194,1:16.937,1:16.356,19,1094,847
Mexico,6,44,Lewis Hamilton,Mercedes,1:17.306,1:16.973,1:16.651,19,1094,1
Mexico,7,20,Kevin Magnussen,Haas Ferrari,1:17.125,1:17.003,1:16.886,18,1094,825
Mexico,8,10,Pierre Gasly,Alpine Renault,1:17.149,1:17.048,1:16.892,18,1094,842
Mexico,9,23,Alexander Albon,Williams Mercedes,1:17.189,1:16.988,1:17.065,18,1094,848
Mexico,10,27,Nico Hulkenberg,Haas Ferrari,1:17.186,1:16.995,1:17.365,18,1094,807
Mexico,11,22,Yuki Tsunoda,RB Honda RBPT,1:17.182,1:17.129,,11,1094,852
Mexico,12,30,Liam Lawson,RB Honda RBPT,1:17.380,1:17.162,,11,1094,859
Mexico,13,14,Fernando Alonso,Aston Martin Aramco Mercedes,1:17.307,1:17.168,,13,1094,4
Mexico,14,18,Lance Stroll,Aston Martin Aramco Mercedes,1:17.407,1:17.294,,14,1094,840
Mexico,15,77,Valtteri Bottas,Kick Sauber Ferrari,1:17.393,1:17.817,,14,1094,822
Mexico,16,43,Franco Colapinto,Williams Mercedes,1:17.558,,,6,1094,861
Mexico,17,81,Oscar Piastri,McLaren Mercedes,1:17.597,,,8,1094,857
Mexico,18,11,Sergio Perez,Red Bull Racing Honda RBPT,1:17.611,,,9,1094,815
Mexico,19,31,Esteban Ocon,Alpine Renault,1:17.617,,,9,1094,839
Mexico,20,24,Guanyu Zhou,Kick Sauber Ferrari,1:18.072,,,9,1094,855
Brazil,1,4,Lando Norris,McLaren Mercedes,1:30.944,1:24.844,1:23.405,33,1095,846
Brazil,2,63,George Russell,Mercedes,1:29.121,1:26.307,1:23.587,29,1095,847
Brazil,3,22,Yuki Tsunoda,RB Honda RBPT,1:29.172,1:26.464,1:24.111,30,1095,852
Brazil,4,31,Esteban Ocon,Alpine Renault,1:29.171,1:26.206,1:24.475,31,1095,839
Brazil,5,30,Liam Lawson,RB Honda RBPT,1:30.758,1:25.654,1:24.484,30,1095,859
Brazil,6,16,Charles Leclerc,Ferrari,1:29.839,1:26.097,1:24.525,29,1095,844
Brazil,7,23,Alexander Albon,Williams Mercedes,1:29.072,1:25.889,1:24.657,28,1095,848
Brazil,8,81,Oscar Piastri,McLaren Mercedes,1:30.114,1:25.179,1:24.686,28,1095,857
Brazil,9,14,Fernando Alonso,Aston Martin Aramco Mercedes,1:30.207,1:25.035,1:28.998,21,1095,4
Brazil,10,18,Lance Stroll,Aston Martin Aramco Mercedes,1:30.580,1:26.334,,19,1095,840
Brazil,11,77,Valtteri Bottas,Kick Sauber Ferrari,1:30.633,1:26.472,,21,1095,822
Brazil,12,1,Max Verstappen,Red Bull Racing Honda RBPT,1:28.522,1:27.771,,19,1095,830
Brazil,13,11,Sergio Perez,Red Bull Racing Honda RBPT,1:30.035,1:28.158,,18,1095,815
Brazil,14,55,Carlos Sainz,Ferrari,1:30.035,1:28.158,,18,1095,832
Brazil,15,10,Pierre Gasly,Alpine Renault,1:29.420,1:29.614,,21,1095,842
Brazil,16,44,Lewis Hamilton,Mercedes,1:31.150,,,11,1095,1
Brazil,17,50,Oliver Bearman,Haas Ferrari,1:31.229,,,11,1095,860
Brazil,18,43,Franco Colapinto,Williams Mercedes,1:31.270,,,5,1095,861
Brazil,19,27,Nico Hulkenberg,Haas Ferrari,1:31.623,,,12,1095,807
Brazil,20,24,Guanyu Zhou,Kick Sauber Ferrari,1:32.263,,,12,1095,855
Las Vegas,1,63,George Russell,Mercedes,1:33.186,1:32.779,1:32.312,25,1096,847
Las Vegas,2,55,Carlos Sainz,Ferrari,1:33.484,1:32.711,1:32.410,24,1096,832
Las Vegas,3,10,Pierre Gasly,Alpine Renault,1:33.691,1:32.879,1:32.664,25,1096,842
Las Vegas,4,16,Charles Leclerc,Ferrari,1:33.446,1:33.016,1:32.783,23,1096,844
Las Vegas,5,1,Max Verstappen,Red Bull Racing Honda RBPT,1:33.299,1:33.085,1:32.797,21,1096,830
Las Vegas,6,4,Lando Norris,McLaren Mercedes,1:33.592,1:33.099,1:33.008,20,1096,846
Las Vegas,7,22,Yuki Tsunoda,RB Honda RBPT,1:33.789,1:33.089,1:33.029,25,1096,852
Las Vegas,8,81,Oscar Piastri,McLaren Mercedes,1:33.450,1:33.024,1:33.033,21,1096,857
Las Vegas,9,27,Nico Hulkenberg,Haas Ferrari,1:33.920,1:33.114,1:33.062,17,1096,807
Las Vegas,10,44,Lewis Hamilton,Mercedes,1:33.225,1:32.567,1:48.106,24,1096,1
Las Vegas,11,31,Esteban Ocon,Alpine Renault,1:33.968,1:33.221,,18,1096,839
Las Vegas,12,20,Kevin Magnussen,Haas Ferrari,1:33.991,1:33.297,,12,1096,825
Las Vegas,13,24,Guanyu Zhou,Kick Sauber Ferrari,1:34.079,1:33.566,,17,1096,855
Las Vegas,14,43,Franco Colapinto,Williams Mercedes,1:33.746,1:33.749,,16,1096,861
Las Vegas,15,30,Liam Lawson,RB Honda RBPT,1:34.087,1:34.257,,17,1096,859
Las Vegas,16,11,Sergio Perez,Red Bull Racing Honda RBPT,1:34.155,,,10,1096,815
Las Vegas,17,14,Fernando Alonso,Aston Martin Aramco Mercedes,1:34.258,,,9,1096,4
Las Vegas,18,23,Alexander Albon,Williams Mercedes,1:34.425,,,10,1096,848
Las Vegas,19,77,Valtteri Bottas,Kick Sauber Ferrari,1:34.430,,,10,1096,822
Las Vegas,20,18,Lance Stroll,Aston Martin Aramco Mercedes,1:34.484,,,3,1096,840
Qatar,1,1,Max Verstappen,Red Bull Racing Honda RBPT,1:21.579,1:20.687,1:20.520,22,1098,830
Qatar,2,63,George Russell,Mercedes,1:21.241,1:21.069,1:20.575,28,1098,847
Qatar,3,4,Lando Norris,McLaren Mercedes,1:21.578,1:20.983,1:20.772,22,1098,846
Qatar,4,81,Oscar Piastri,McLaren Mercedes,1:21.821,1:21.121,1:20.829,22,1098,857
Qatar,5,16,Charles Leclerc,Ferrari,1:21.278,1:21.000,1:20.852,26,1098,844
Qatar,6,44,Lewis Hamilton,Mercedes,1:21.637,1:20.095,1:21.011,27,1098,1
Qatar,7,55,Carlos Sainz,Ferrari,1:21.447,1:21.199,1:21.041,26,1098,832
Qatar,8,14,Fernando Alonso,Aston Martin Aramco Mercedes,1:21.608,1:21.208,1:21.251,19,1098,4
Qatar,9,11,Sergio Perez,Red Bull Racing Honda RBPT,1:21.675,1:21.425,1:21.425,22,1098,815
Qatar,10,20,Kevin Magnussen,Haas Ferrari,1:21.891,1:21.387,1:21.500,26,1098,825
Qatar,11,10,Pierre Gasly,Alpine Renault,1:21.843,1:21.437,,18,1098,842
Qatar,12,24,Guanyu Zhou,Kick Sauber Ferrari,1:22.103,1:21.501,,19,1098,855
Qatar,13,77,Valtteri Bottas,Kick Sauber Ferrari,1:21.927,1:21.731,,19,1098,822
Qatar,14,22,Yuki Tsunoda,RB Honda RBPT,1:22.364,1:21.771,,16,1098,852
Qatar,15,18,Lance Stroll,Aston Martin Aramco Mercedes,1:22.011,1:21.911,,14,1098,840
Qatar,16,23,Alexander Albon,Williams Mercedes,1:22.390,,,9,1098,848
Qatar,17,30,Liam Lawson,RB Honda RBPT,1:22.411,,,10,1098,859
Qatar,18,27,Nico Hulkenberg,Haas Ferrari,1:22.422,,,10,1098,807
Qatar,19,43,Franco Colapinto,Williams Mercedes,1:22.594,,,9,1098,861
Qatar,20,31,Esteban Ocon,Alpine Renault,1:22.714,,,10,1098,839
Abu Dhabi,1,4,Lando Norris,McLaren Mercedes,1:23.682,1:23.098,1:22.595,16,1099,846
Abu Dhabi,2,81,Oscar Piastri,McLaren Mercedes,1:23.640,1:23.199,1:22.804,16,1099,857
Abu Dhabi,3,55,Carlos Sainz,Ferrari,1:23.487,1:22.985,1:22.824,16,1099,832
Abu Dhabi,4,27,Nico Hulkenberg,Haas Ferrari,1:23.722,1:23.040,1:22.886,17,1099,807
Abu Dhabi,5,1,Max Verstappen,Red Bull Racing Honda RBPT,1:23.516,1:22.998,1:22.945,15,1099,830
Abu Dhabi,6,10,Pierre Gasly,Alpine Renault,1:23.548,1:23.086,1:22.984,18,1099,842
Abu Dhabi,7,63,George Russell,Mercedes,1:23.678,1:23.283,1:23.132,19,1099,847
Abu Dhabi,8,14,Fernando Alonso,Aston Martin Aramco Mercedes,1:23.794,1:23.268,1:23.196,19,1099,4
Abu Dhabi,9,77,Valtteri Bottas,Kick Sauber Ferrari,1:23.481,1:23.341,1:23.204,15,1099,822
Abu Dhabi,10,11,Sergio Perez,Red Bull Racing Honda RBPT,1:23.559,1:23.379,1:23.364,18,1099,815
Abu Dhabi,11,22,Yuki Tsunoda,RB Honda RBPT,1:23.735,1:23.419,,12,1099,852
Abu Dhabi,12,30,Liam Lawson,RB Honda RBPT,1:23.733,1:23.472,,12,1099,859
Abu Dhabi,13,18,Lance Stroll,Aston Martin Aramco Mercedes,1:23.729,1:23.784,,14,1099,840
Abu Dhabi,14,16,Charles Leclerc,Ferrari,1:23.302,1:23.833,,12,1099,844
Abu Dhabi,15,20,Kevin Magnussen,Haas Ferrari,1:23.632,1:23.877,,11,1099,825
Abu Dhabi,16,23,Alexander Albon,Williams Mercedes,1:23.821,,,6,1099,848
Abu Dhabi,17,24,Guanyu Zhou,Kick Sauber Ferrari,1:23.880,,,6,1099,855
Abu Dhabi,18,44,Lewis Hamilton,Mercedes,1:23.887,,,7,1099,1
Abu Dhabi,19,43,Franco Colapinto,Williams Mercedes,1:23.912,,,6,1099,861
Abu Dhabi,20,61,Jack Doohan,Alpine Renault,1:24.105,,,6,1099,862
