Track,Position,No,Driver,Team,Q1,Q2,Q3,Laps,kaggle_driver_id,year,raceId
Bahrain,1,1,Max Verstappen,Red Bull Racing Honda RBPT,1:31.295,1:30.503,1:29.708,15,830,2023,1098
Bahrain,2,11,Sergio Perez,Red Bull Racing Honda RBPT,1:31.479,1:30.746,1:29.846,15,815,2023,1098
Bahrain,3,16,Charles Leclerc,Ferrari,1:31.094,1:30.282,1:30.000,17,844,2023,1098
Bahrain,4,55,Carlos Sainz,Ferrari,1:30.993,1:30.515,1:30.154,18,832,2023,1098
Bahrain,5,14,Fernando Alonso,Aston Martin Aramco Mercedes,1:31.158,1:30.645,1:30.336,15,4,2023,1098
Bahrain,6,63,George Russell,Mercedes,1:31.057,1:30.507,1:30.340,15,847,2023,1098
Bahrain,7,44,Lewis Hamilton,Mercedes,1:31.543,1:30.513,1:30.384,15,1,2023,1098
Bahrain,8,18,Lance Stroll,Aston Martin Aramco Mercedes,1:31.184,1:31.127,1:30.836,18,840,2023,1098
Bahrain,9,31,Esteban Ocon,Alpine Renault,1:31.508,1:30.914,1:30.984,15,839,2023,1098
Bahrain,10,27,Nico Hulkenberg,Haas Ferrari,1:31.204,1:30.809,DNF,17,807,2023,1098
Bahrain,11,4,Lando Norris,McLaren Mercedes,1:31.652,1:31.381,,13,846,2023,1098
Bahrain,12,77,Valtteri Bottas,Alfa Romeo Ferrari,1:31.504,1:31.443,,12,822,2023,1098
Bahrain,13,24,Guanyu Zhou,Alfa Romeo Ferrari,1:31.615,1:31.473,,12,855,2023,1098
Bahrain,14,22,Yuki Tsunoda,AlphaTauri Honda RBPT,1:31.400,1:32.510,,15,852,2023,1098
Bahrain,15,23,Alexander Albon,Williams Mercedes,1:31.461,DNF,,8,848,2023,1098
Bahrain,16,2,Logan Sargeant,Williams Mercedes,1:31.652,,,6,858,2023,1098
Bahrain,17,20,Kevin Magnussen,Haas Ferrari,1:31.892,,,6,825,2023,1098
Bahrain,18,81,Oscar Piastri,McLaren Mercedes,1:32.101,,,7,857,2023,1098
Bahrain,19,21,Nyck De Vries,AlphaTauri Honda RBPT,1:32.121,,,9,856,2023,1098
Bahrain,20,10,Pierre Gasly,Alpine Renault,1:32.181,,,6,842,2023,1098
Saudi Arabia,1,11,Sergio Perez,Red Bull Racing Honda RBPT,1:29.244,1:28.635,1:28.265,18,815,2023,1099
Saudi Arabia,2,16,Charles Leclerc,Ferrari,1:29.376,1:28.903,1:28.420,19,844,2023,1099
Saudi Arabia,3,14,Fernando Alonso,Aston Martin Aramco Mercedes,1:29.298,1:28.757,1:28.730,18,4,2023,1099
Saudi Arabia,4,63,George Russell,Mercedes,1:29.592,1:29.132,1:28.857,21,847,2023,1099
Saudi Arabia,5,55,Carlos Sainz,Ferrari,1:29.411,1:28.957,1:28.931,24,832,2023,1099
Saudi Arabia,6,18,Lance Stroll,Aston Martin Aramco Mercedes,1:29.335,1:28.962,1:28.945,20,840,2023,1099
Saudi Arabia,7,31,Esteban Ocon,Alpine Renault,1:29.707,1:29.255,1:29.078,24,839,2023,1099
Saudi Arabia,8,44,Lewis Hamilton,Mercedes,1:29.689,1:29.374,1:29.223,21,1,2023,1099
Saudi Arabia,9,81,Oscar Piastri,McLaren Mercedes,1:29.706,1:29.378,1:29.243,23,857,2023,1099
Saudi Arabia,10,10,Pierre Gasly,Alpine Renault,1:29.890,1:29.411,1:29.357,23,842,2023,1099
Saudi Arabia,11,27,Nico Hulkenberg,Haas Ferrari,1:29.547,1:29.451,,18,807,2023,1099
Saudi Arabia,12,24,Guanyu Zhou,Alfa Romeo Ferrari,1:29.654,1:29.461,,18,855,2023,1099
Saudi Arabia,13,20,Kevin Magnussen,Haas Ferrari,1:29.744,1:29.634,,17,825,2023,1099
Saudi Arabia,14,77,Valtteri Bottas,Alfa Romeo Ferrari,1:29.929,1:29.668,,18,822,2023,1099
Saudi Arabia,15,1,Max Verstappen,Red Bull Racing Honda RBPT,1:28.761,1:49.953,,6,830,2023,1099
Saudi Arabia,16,22,Yuki Tsunoda,AlphaTauri Honda RBPT,1:29.939,,,10,852,2023,1099
Saudi Arabia,17,23,Alexander Albon,Williams Mercedes,1:29.994,,,9,848,2023,1099
Saudi Arabia,18,21,Nyck De Vries,AlphaTauri Honda RBPT,1:30.244,,,10,856,2023,1099
Saudi Arabia,19,4,Lando Norris,McLaren Mercedes,1:30.447,,,4,846,2023,1099
Saudi Arabia,NC,2,Logan Sargeant,Williams Mercedes,2:08.510,,,8,858,2023,1099
Australia,1,1,Max Verstappen,Red Bull Racing Honda RBPT,1:17.384,1:17.056,1:16.732,24,830,2023,1100
Australia,2,63,George Russell,Mercedes,1:17.654,1:17.513,1:16.968,29,847,2023,1100
Australia,3,44,Lewis Hamilton,Mercedes,1:17.689,1:17.551,1:17.104,28,1,2023,1100
Australia,4,14,Fernando Alonso,Aston Martin Aramco Mercedes,1:17.832,1:17.283,1:17.139,26,4,2023,1100
Australia,5,55,Carlos Sainz,Ferrari,1:17.928,1:17.349,1:17.270,28,832,2023,1100
Australia,6,18,Lance Stroll,Aston Martin Aramco Mercedes,1:17.873,1:17.616,1:17.308,26,840,2023,1100
Australia,7,16,Charles Leclerc,Ferrari,1:18.218,1:17.390,1:17.369,25,844,2023,1100
Australia,8,23,Alexander Albon,Williams Mercedes,1:17.962,1:17.761,1:17.609,27,848,2023,1100
Australia,9,10,Pierre Gasly,Alpine Renault,1:18.312,1:17.574,1:17.675,25,842,2023,1100
Australia,10,27,Nico Hulkenberg,Haas Ferrari,1:18.029,1:17.413,1:17.735,26,807,2023,1100
Australia,11,31,Esteban Ocon,Alpine Renault,1:17.770,1:17.768,,18,839,2023,1100
Australia,12,22,Yuki Tsunoda,AlphaTauri Honda RBPT,1:18.471,1:18.099,,22,852,2023,1100
Australia,13,4,Lando Norris,McLaren Mercedes,1:18.243,1:18.119,,24,846,2023,1100
Australia,14,20,Kevin Magnussen,Haas Ferrari,1:18.159,1:18.129,,18,825,2023,1100
Australia,15,21,Nyck De Vries,AlphaTauri Honda RBPT,1:18.450,1:18.335,,23,856,2023,1100
Australia,16,81,Oscar Piastri,McLaren Mercedes,1:18.517,,,12,857,2023,1100
Australia,17,24,Guanyu Zhou,Alfa Romeo Ferrari,1:18.540,,,12,855,2023,1100
Australia,18,2,Logan Sargeant,Williams Mercedes,1:18.557,,,12,858,2023,1100
Australia,19,77,Valtteri Bottas,Alfa Romeo Ferrari,1:18.714,,,12,822,2023,1100
Australia,NC,11,Sergio Perez,Red Bull Racing Honda RBPT,DNF,,,2,815,2023,1100
Azerbaijan,1,16,Charles Leclerc,Ferrari,1:41.269,1:41.037,1:40.203,21,844,2023,1101
Azerbaijan,2,1,Max Verstappen,Red Bull Racing Honda RBPT,1:41.398,1:40.822,1:40.391,20,830,2023,1101
Azerbaijan,3,11,Sergio Perez,Red Bull Racing Honda RBPT,1:41.756,1:41.131,1:40.495,21,815,2023,1101
Azerbaijan,4,55,Carlos Sainz,Ferrari,1:42.197,1:41.369,1:41.016,24,832,2023,1101
Azerbaijan,5,44,Lewis Hamilton,Mercedes,1:42.113,1:41.650,1:41.177,24,1,2023,1101
Azerbaijan,6,14,Fernando Alonso,Aston Martin Aramco Mercedes,1:41.720,1:41.370,1:41.253,23,4,2023,1101
Azerbaijan,7,4,Lando Norris,McLaren Mercedes,1:42.154,1:41.485,1:41.281,20,846,2023,1101
Azerbaijan,8,22,Yuki Tsunoda,AlphaTauri Honda RBPT,1:42.234,1:41.569,1:41.581,23,852,2023,1101
Azerbaijan,9,18,Lance Stroll,Aston Martin Aramco Mercedes,1:42.524,1:41.576,1:41.611,23,840,2023,1101
Azerbaijan,10,81,Oscar Piastri,McLaren Mercedes,1:42.455,1:41.636,1:41.611,24,857,2023,1101
Azerbaijan,11,63,George Russell,Mercedes,1:42.073,1:41.654,,18,847,2023,1101
Azerbaijan,12,31,Esteban Ocon,Alpine Renault,1:42.622,1:41.798,,19,839,2023,1101
Azerbaijan,13,23,Alexander Albon,Williams Mercedes,1:42.171,1:41.818,,19,848,2023,1101
Azerbaijan,14,77,Valtteri Bottas,Alfa Romeo Ferrari,1:42.582,1:42.259,,19,822,2023,1101
Azerbaijan,15,2,Logan Sargeant,Williams Mercedes,1:42.242,1:42.395,,19,858,2023,1101
Azerbaijan,16,24,Guanyu Zhou,Alfa Romeo Ferrari,1:42.642,,,11,855,2023,1101
Azerbaijan,17,27,Nico Hulkenberg,Haas Ferrari,1:42.755,,,10,807,2023,1101
Azerbaijan,18,20,Kevin Magnussen,Haas Ferrari,1:43.417,,,9,825,2023,1101
Azerbaijan,19,10,Pierre Gasly,Alpine Renault,1:44.853,,,6,842,2023,1101
Azerbaijan,NC,21,Nyck De Vries,AlphaTauri Honda RBPT,1:55.282,,,3,856,2023,1101
Miami,1,11,Sergio Perez,Red Bull Racing Honda RBPT,1:27.713,1:27.328,1:26.841,20,815,2023,1102
Miami,2,14,Fernando Alonso,Aston Martin Aramco Mercedes,1:28.179,1:27.097,1:27.202,19,4,2023,1102
Miami,3,55,Carlos Sainz,Ferrari,1:27.686,1:27.148,1:27.349,18,832,2023,1102
Miami,4,20,Kevin Magnussen,Haas Ferrari,1:27.809,1:27.673,1:27.767,19,825,2023,1102
Miami,5,10,Pierre Gasly,Alpine Renault,1:28.061,1:27.612,1:27.786,20,842,2023,1102
Miami,6,63,George Russell,Mercedes,1:28.086,1:27.743,1:27.804,20,847,2023,1102
Miami,7,16,Charles Leclerc,Ferrari,1:27.713,1:26.964,1:27.861,19,844,2023,1102
Miami,8,31,Esteban Ocon,Alpine Renault,1:27.872,1:27.444,1:27.935,20,839,2023,1102
Miami,9,1,Max Verstappen,Red Bull Racing Honda RBPT,1:27.363,1:26.814,DNF,15,830,2023,1102
Miami,10,77,Valtteri Bottas,Alfa Romeo Ferrari,1:27.864,1:27.564,DNS,15,822,2023,1102
Miami,11,23,Alexander Albon,Williams Mercedes,1:28.234,1:27.795,,15,848,2023,1102
Miami,12,27,Nico Hulkenberg,Haas Ferrari,1:27.945,1:27.903,,15,807,2023,1102
Miami,13,44,Lewis Hamilton,Mercedes,1:27.846,1:27.975,,15,1,2023,1102
Miami,14,24,Guanyu Zhou,Alfa Romeo Ferrari,1:28.180,1:28.091,,17,855,2023,1102
Miami,15,21,Nyck De Vries,AlphaTauri Honda RBPT,1:28.325,1:28.395,,16,856,2023,1102
Miami,16,4,Lando Norris,McLaren Mercedes,1:28.394,,,8,846,2023,1102
Miami,17,22,Yuki Tsunoda,AlphaTauri Honda RBPT,1:28.429,,,10,852,2023,1102
Miami,18,18,Lance Stroll,Aston Martin Aramco Mercedes,1:28.476,,,8,840,2023,1102
Miami,19,81,Oscar Piastri,McLaren Mercedes,1:28.484,,,9,857,2023,1102
Miami,20,2,Logan Sargeant,Williams Mercedes,1:28.577,,,10,858,2023,1102
Monaco,1,1,Max Verstappen,Red Bull Racing Honda RBPT,1:12.386,1:11.908,1:11.365,30,830,2023,1104
Monaco,2,14,Fernando Alonso,Aston Martin Aramco Mercedes,1:12.886,1:12.107,1:11.449,25,4,2023,1104
Monaco,3,16,Charles Leclerc,Ferrari,1:12.912,1:12.103,1:11.471,26,844,2023,1104
Monaco,4,31,Esteban Ocon,Alpine Renault,1:12.967,1:12.248,1:11.553,26,839,2023,1104
Monaco,5,55,Carlos Sainz,Ferrari,1:12.717,1:12.210,1:11.630,28,832,2023,1104
Monaco,6,44,Lewis Hamilton,Mercedes,1:12.872,1:12.156,1:11.725,30,1,2023,1104
Monaco,7,10,Pierre Gasly,Alpine Renault,1:13.033,1:12.169,1:11.933,25,842,2023,1104
Monaco,8,63,George Russell,Mercedes,1:12.769,1:12.151,1:11.964,29,847,2023,1104
Monaco,9,22,Yuki Tsunoda,AlphaTauri Honda RBPT,1:12.642,1:12.249,1:12.082,29,852,2023,1104
Monaco,10,4,Lando Norris,McLaren Mercedes,1:12.877,1:12.377,1:12.254,23,846,2023,1104
Monaco,11,81,Oscar Piastri,McLaren Mercedes,1:13.006,1:12.395,,22,857,2023,1104
Monaco,12,21,Nyck De Vries,AlphaTauri Honda RBPT,1:13.054,1:12.428,,20,856,2023,1104
Monaco,13,23,Alexander Albon,Williams Mercedes,1:12.706,1:12.527,,19,848,2023,1104
Monaco,14,18,Lance Stroll,Aston Martin Aramco Mercedes,1:12.722,1:12.623,,19,840,2023,1104
Monaco,15,77,Valtteri Bottas,Alfa Romeo Ferrari,1:13.038,1:12.625,,22,822,2023,1104
Monaco,16,2,Logan Sargeant,Williams Mercedes,1:13.113,,,13,858,2023,1104
Monaco,17,20,Kevin Magnussen,Haas Ferrari,1:13.270,,,9,825,2023,1104
Monaco,18,27,Nico Hulkenberg,Haas Ferrari,1:13.279,,,8,807,2023,1104
Monaco,19,24,Guanyu Zhou,Alfa Romeo Ferrari,1:13.523,,,13,855,2023,1104
Monaco,20,11,Sergio Perez,Red Bull Racing Honda RBPT,1:13.850,,,4,815,2023,1104
Spain,1,1,Max Verstappen,Red Bull Racing Honda RBPT,1:13.615,1:12.760,1:12.272,20,830,2023,1105
Spain,2,55,Carlos Sainz,Ferrari,1:13.411,1:12.790,1:12.734,22,832,2023,1105
Spain,3,4,Lando Norris,McLaren Mercedes,1:13.295,1:12.776,1:12.792,22,846,2023,1105
Spain,4,10,Pierre Gasly,Alpine Renault,1:13.471,1:13.186,1:12.816,21,842,2023,1105
Spain,5,44,Lewis Hamilton,Mercedes,1:12.937,1:12.999,1:12.818,23,1,2023,1105
Spain,6,18,Lance Stroll,Aston Martin Aramco Mercedes,1:13.766,1:13.082,1:12.994,23,840,2023,1105
Spain,7,31,Esteban Ocon,Alpine Renault,1:13.433,1:13.001,1:13.083,21,839,2023,1105
Spain,8,27,Nico Hulkenberg,Haas Ferrari,1:13.420,1:13.283,1:13.229,18,807,2023,1105
Spain,9,14,Fernando Alonso,Aston Martin Aramco Mercedes,1:13.747,1:13.098,1:13.507,18,4,2023,1105
Spain,10,81,Oscar Piastri,McLaren Mercedes,1:13.691,1:13.059,1:13.682,20,857,2023,1105
Spain,11,11,Sergio Perez,Red Bull Racing Honda RBPT,1:13.874,1:13.334,,17,815,2023,1105
Spain,12,63,George Russell,Mercedes,1:13.326,1:13.447,,18,847,2023,1105
Spain,13,24,Guanyu Zhou,Alfa Romeo Ferrari,1:13.677,1:13.521,,16,855,2023,1105
Spain,14,21,Nyck De Vries,AlphaTauri Honda RBPT,1:13.581,1:14.083,,16,856,2023,1105
Spain,15,22,Yuki Tsunoda,AlphaTauri Honda RBPT,1:13.862,1:14.477,,19,852,2023,1105
Spain,16,77,Valtteri Bottas,Alfa Romeo Ferrari,1:13.977,,,10,822,2023,1105
Spain,17,20,Kevin Magnussen,Haas Ferrari,1:14.042,,,9,825,2023,1105
Spain,18,23,Alexander Albon,Williams Mercedes,1:14.063,,,8,848,2023,1105
Spain,19,16,Charles Leclerc,Ferrari,1:14.079,,,10,844,2023,1105
Spain,20,2,Logan Sargeant,Williams Mercedes,1:14.699,,,6,858,2023,1105
Canada,1,1,Max Verstappen,Red Bull Racing Honda RBPT,1:20.851,1:19.092,1:25.858,26,830,2023,1106
Canada,2,27,Nico Hulkenberg,Haas Ferrari,1:22.730,1:20.305,1:27.102,25,807,2023,1106
Canada,3,14,Fernando Alonso,Aston Martin Aramco Mercedes,1:21.481,1:19.776,1:27.286,25,4,2023,1106
Canada,4,44,Lewis Hamilton,Mercedes,1:21.554,1:20.426,1:27.627,26,1,2023,1106
Canada,5,63,George Russell,Mercedes,1:21.798,1:20.098,1:27.893,25,847,2023,1106
Canada,6,31,Esteban Ocon,Alpine Renault,1:22.114,1:20.406,1:27.945,25,839,2023,1106
Canada,7,4,Lando Norris,McLaren Mercedes,1:21.998,1:19.347,1:28.046,26,846,2023,1106
Canada,8,55,Carlos Sainz,Ferrari,1:22.248,1:19.856,1:29.294,26,832,2023,1106
Canada,9,81,Oscar Piastri,McLaren Mercedes,1:22.190,1:19.659,1:31.349,24,857,2023,1106
Canada,10,23,Alexander Albon,Williams Mercedes,1:21.938,1:18.725,DNF,24,848,2023,1106
Canada,11,16,Charles Leclerc,Ferrari,1:21.843,1:20.615,,22,844,2023,1106
Canada,12,11,Sergio Perez,Red Bull Racing Honda RBPT,1:22.151,1:20.959,,23,815,2023,1106
Canada,13,18,Lance Stroll,Aston Martin Aramco Mercedes,1:22.677,1:21.484,,20,840,2023,1106
Canada,14,20,Kevin Magnussen,Haas Ferrari,1:22.351,1:21.678,,21,825,2023,1106
Canada,15,77,Valtteri Bottas,Alfa Romeo Ferrari,1:22.332,1:21.821,,24,822,2023,1106
Canada,16,22,Yuki Tsunoda,AlphaTauri Honda RBPT,1:22.746,,,11,852,2023,1106
Canada,17,10,Pierre Gasly,Alpine Renault,1:22.886,,,11,842,2023,1106
Canada,18,21,Nyck De Vries,AlphaTauri Honda RBPT,1:23.137,,,12,856,2023,1106
Canada,19,2,Logan Sargeant,Williams Mercedes,1:23.337,,,14,858,2023,1106
Canada,20,24,Guanyu Zhou,Alfa Romeo Ferrari,1:23.342,,,11,855,2023,1106
Austria,1,1,Max Verstappen,Red Bull Racing Honda RBPT,1:05.116,1:04.951,1:04.391,24,830,2023,1107
Austria,2,16,Charles Leclerc,Ferrari,1:05.577,1:05.087,1:04.439,26,844,2023,1107
Austria,3,55,Carlos Sainz,Ferrari,1:05.339,1:04.975,1:04.581,25,832,2023,1107
Austria,4,4,Lando Norris,McLaren Mercedes,1:05.617,1:05.038,1:04.658,23,846,2023,1107
Austria,5,44,Lewis Hamilton,Mercedes,1:05.673,1:05.188,1:04.819,25,1,2023,1107
Austria,6,18,Lance Stroll,Aston Martin Aramco Mercedes,1:05.710,1:05.121,1:04.893,25,840,2023,1107
Austria,7,14,Fernando Alonso,Aston Martin Aramco Mercedes,1:05.655,1:05.181,1:04.911,27,4,2023,1107
Austria,8,27,Nico Hulkenberg,Haas Ferrari,1:05.740,1:05.362,1:05.090,24,807,2023,1107
Austria,9,10,Pierre Gasly,Alpine Renault,1:05.515,1:05.308,1:05.170,21,842,2023,1107
Austria,10,23,Alexander Albon,Williams Mercedes,1:05.673,1:05.387,1:05.823,21,848,2023,1107
Austria,11,63,George Russell,Mercedes,1:05.686,1:05.428,,21,847,2023,1107
Austria,12,31,Esteban Ocon,Alpine Renault,1:05.729,1:05.453,,15,839,2023,1107
Austria,13,81,Oscar Piastri,McLaren Mercedes,1:05.683,1:05.605,,19,857,2023,1107
Austria,14,77,Valtteri Bottas,Alfa Romeo Ferrari,1:05.763,1:05.680,,14,822,2023,1107
Austria,15,11,Sergio Perez,Red Bull Racing Honda RBPT,1:05.177,2:06.688,,19,815,2023,1107
Austria,16,22,Yuki Tsunoda,AlphaTauri Honda RBPT,1:05.784,,,10,852,2023,1107
Austria,17,24,Guanyu Zhou,Alfa Romeo Ferrari,1:05.818,,,9,855,2023,1107
Austria,18,2,Logan Sargeant,Williams Mercedes,1:05.948,,,9,858,2023,1107
Austria,19,20,Kevin Magnussen,Haas Ferrari,1:05.971,,,10,825,2023,1107
Austria,20,21,Nyck De Vries,AlphaTauri Honda RBPT,1:05.974,,,10,856,2023,1107
Great Britain,1,1,Max Verstappen,Red Bull Racing Honda RBPT,1:29.428,1:27.702,1:26.720,26,830,2023,1108
Great Britain,2,4,Lando Norris,McLaren Mercedes,1:28.917,1:28.042,1:26.961,26,846,2023,1108
Great Britain,3,81,Oscar Piastri,McLaren Mercedes,1:29.874,1:27.845,1:27.092,26,857,2023,1108
Great Britain,4,16,Charles Leclerc,Ferrari,1:29.143,1:28.361,1:27.136,25,844,2023,1108
Great Britain,5,55,Carlos Sainz,Ferrari,1:29.865,1:28.265,1:27.148,26,832,2023,1108
Great Britain,6,63,George Russell,Mercedes,1:29.412,1:28.782,1:27.155,24,847,2023,1108
Great Britain,7,44,Lewis Hamilton,Mercedes,1:29.415,1:28.545,1:27.211,25,1,2023,1108
Great Britain,8,23,Alexander Albon,Williams Mercedes,1:29.466,1:28.067,1:27.530,25,848,2023,1108
Great Britain,9,14,Fernando Alonso,Aston Martin Aramco Mercedes,1:29.949,1:28.368,1:27.659,24,4,2023,1108
Great Britain,10,10,Pierre Gasly,Alpine Renault,1:29.533,1:28.751,1:27.689,24,842,2023,1108
Great Britain,11,27,Nico Hulkenberg,Haas Ferrari,1:29.603,1:28.896,,17,807,2023,1108
Great Britain,12,18,Lance Stroll,Aston Martin Aramco Mercedes,1:29.448,1:28.935,,19,840,2023,1108
Great Britain,13,31,Esteban Ocon,Alpine Renault,1:29.700,1:28.956,,18,839,2023,1108
Great Britain,14,2,Logan Sargeant,Williams Mercedes,1:29.873,1:29.031,,19,858,2023,1108
Great Britain,NC,77,Valtteri Bottas,Alfa Romeo Ferrari,1:29.798,,,11,822,2023,1108
Great Britain,15,11,Sergio Perez,Red Bull Racing Honda RBPT,1:29.968,,,11,815,2023,1108
Great Britain,16,22,Yuki Tsunoda,AlphaTauri Honda RBPT,1:30.025,,,11,852,2023,1108
Great Britain,17,24,Guanyu Zhou,Alfa Romeo Ferrari,1:30.123,,,11,855,2023,1108
Great Britain,18,21,Nyck De Vries,AlphaTauri Honda RBPT,1:30.513,,,11,856,2023,1108
Great Britain,19,20,Kevin Magnussen,Haas Ferrari,1:32.378,,,7,825,2023,1108
Hungary,1,44,Lewis Hamilton,Mercedes,1:18.577,1:17.427,1:16.609,20,1,2023,1109
Hungary,2,1,Max Verstappen,Red Bull Racing Honda RBPT,1:18.318,1:17.547,1:16.612,21,830,2023,1109
Hungary,3,4,Lando Norris,McLaren Mercedes,1:18.697,1:17.328,1:16.694,20,846,2023,1109
Hungary,4,81,Oscar Piastri,McLaren Mercedes,1:18.464,1:17.571,1:16.905,20,857,2023,1109
Hungary,5,24,Guanyu Zhou,Alfa Romeo Ferrari,1:18.143,1:17.700,1:16.971,22,855,2023,1109
Hungary,6,16,Charles Leclerc,Ferrari,1:18.440,1:17.580,1:16.992,21,844,2023,1109
Hungary,7,77,Valtteri Bottas,Alfa Romeo Ferrari,1:18.775,1:17.563,1:17.034,20,822,2023,1109
Hungary,8,14,Fernando Alonso,Aston Martin Aramco Mercedes,1:18.580,1:17.701,1:17.035,21,4,2023,1109
Hungary,9,11,Sergio Perez,Red Bull Racing Honda RBPT,1:18.360,1:17.675,1:17.045,23,815,2023,1109
Hungary,10,27,Nico Hulkenberg,Haas Ferrari,1:18.695,1:17.652,1:17.186,20,807,2023,1109
Hungary,11,55,Carlos Sainz,Ferrari,1:18.393,1:17.703,,15,832,2023,1109
Hungary,12,31,Esteban Ocon,Alpine Renault,1:18.854,1:17.841,,16,839,2023,1109
Hungary,13,3,Daniel Ricciardo,AlphaTauri Honda RBPT,1:18.906,1:18.002,,15,817,2023,1109
Hungary,14,18,Lance Stroll,Aston Martin Aramco Mercedes,1:18.782,1:18.144,,18,840,2023,1109
Hungary,15,10,Pierre Gasly,Alpine Renault,1:18.743,1:18.217,,16,842,2023,1109
Hungary,16,23,Alexander Albon,Williams Mercedes,1:18.917,,,8,848,2023,1109
Hungary,17,22,Yuki Tsunoda,AlphaTauri Honda RBPT,1:18.919,,,9,852,2023,1109
Hungary,18,63,George Russell,Mercedes,1:19.027,,,9,847,2023,1109
Hungary,19,20,Kevin Magnussen,Haas Ferrari,1:19.206,,,8,825,2023,1109
Hungary,20,2,Logan Sargeant,Williams Mercedes,1:19.248,,,8,858,2023,1109
Belgium,1,1,Max Verstappen,Red Bull Racing Honda RBPT,1:58.515,1:52.784,1:46.168,22,830,2023,1110
Belgium,2,16,Charles Leclerc,Ferrari,1:58.300,1:52.017,1:46.988,23,844,2023,1110
Belgium,3,11,Sergio Perez,Red Bull Racing Honda RBPT,1:58.899,1:52.353,1:47.045,22,815,2023,1110
Belgium,4,44,Lewis Hamilton,Mercedes,1:58.363,1:52.345,1:47.087,24,1,2023,1110
Belgium,5,55,Carlos Sainz,Ferrari,1:58.688,1:51.711,1:47.152,23,832,2023,1110
Belgium,6,81,Oscar Piastri,McLaren Mercedes,1:58.872,1:51.534,1:47.365,23,857,2023,1110
Belgium,7,4,Lando Norris,McLaren Mercedes,1:59.981,1:52.252,1:47.669,21,846,2023,1110
Belgium,8,63,George Russell,Mercedes,1:59.035,1:52.605,1:47.805,24,847,2023,1110
Belgium,9,14,Fernando Alonso,Aston Martin Aramco Mercedes,1:58.834,1:52.751,1:47.843,22,4,2023,1110
Belgium,10,18,Lance Stroll,Aston Martin Aramco Mercedes,1:59.663,1:52.193,1:48.841,22,840,2023,1110
Belgium,11,22,Yuki Tsunoda,AlphaTauri Honda RBPT,1:59.044,1:53.148,,15,852,2023,1110
Belgium,12,10,Pierre Gasly,Alpine Renault,1:59.511,1:53.671,,17,842,2023,1110
Belgium,13,20,Kevin Magnussen,Haas Ferrari,2:00.020,1:54.160,,17,825,2023,1110
Belgium,14,77,Valtteri Bottas,Alfa Romeo Ferrari,1:59.484,1:54.694,,17,822,2023,1110
Belgium,15,31,Esteban Ocon,Alpine Renault,1:59:634,1:56.372,,13,839,2023,1110
Belgium,16,23,Alexander Albon,Williams Mercedes,2:00.314,,,8,848,2023,1110
Belgium,17,24,Guanyu Zhou,Alfa Romeo Ferrari,2:00.832,,,9,855,2023,1110
Belgium,18,2,Logan Sargeant,Williams Mercedes,2:01.535,,,6,858,2023,1110
Belgium,19,3,Daniel Ricciardo,AlphaTauri Honda RBPT,2:02.159,,,8,817,2023,1110
Belgium,20,27,Nico Hulkenberg,Haas Ferrari,2:03.166,,,5,807,2023,1110
Netherlands,1,1,Max Verstappen,Red Bull Racing Honda RBPT,1:20.965,1:18.856,1:10.567,31,830,2023,1111
Netherlands,2,4,Lando Norris,McLaren Mercedes,1:21.276,1:19.769,1:11.104,30,846,2023,1111
Netherlands,3,63,George Russell,Mercedes,1:21.345,1:19.620,1:11.294,32,847,2023,1111
Netherlands,4,23,Alexander Albon,Williams Mercedes,1:20.939,1:19.399,1:11.419,32,848,2023,1111
Netherlands,5,14,Fernando Alonso,Aston Martin Aramco Mercedes,1:21.840,1:19.429,1:11.506,30,4,2023,1111
Netherlands,6,55,Carlos Sainz,Ferrari,1:21.321,1:19.929,1:11.754,32,832,2023,1111
Netherlands,7,11,Sergio Perez,Red Bull Racing Honda RBPT,1:21.972,1:19.856,1:11.880,33,815,2023,1111
Netherlands,8,81,Oscar Piastri,McLaren Mercedes,1:21.231,1:19.392,1:11.938,31,857,2023,1111
Netherlands,9,16,Charles Leclerc,Ferrari,1:22.019,1:19.600,1:12.665,27,844,2023,1111
Netherlands,10,2,Logan Sargeant,Williams Mercedes,1:22.036,1:20.067,1:16.748,27,858,2023,1111
Netherlands,11,18,Lance Stroll,Aston Martin Aramco Mercedes,1:21.570,1:20.121,,22,840,2023,1111
Netherlands,12,10,Pierre Gasly,Alpine Renault,1:21.735,1:20.128,,21,842,2023,1111
Netherlands,13,44,Lewis Hamilton,Mercedes,1:21.919,1:20.151,,23,1,2023,1111
Netherlands,14,22,Yuki Tsunoda,AlphaTauri Honda RBPT,1:21.781,1:20.230,,22,852,2023,1111
Netherlands,15,27,Nico Hulkenberg,Haas Ferrari,1:21.891,1:20.250,,20,807,2023,1111
Netherlands,16,24,Guanyu Zhou,Alfa Romeo Ferrari,1:22.067,,,12,855,2023,1111
Netherlands,17,31,Esteban Ocon,Alpine Renault,1:22.110,,,12,839,2023,1111
Netherlands,18,20,Kevin Magnussen,Haas Ferrari,1:22.192,,,11,825,2023,1111
Netherlands,19,77,Valtteri Bottas,Alfa Romeo Ferrari,1:22.260,,,12,822,2023,1111
Netherlands,20,40,Liam Lawson,AlphaTauri Honda RBPT,1:23.420,,,12,859,2023,1111
Italy,1,55,Carlos Sainz,Ferrari,1:21.965,1:20.991,1:20.294,20,832,2023,1112
Italy,2,1,Max Verstappen,Red Bull Racing Honda RBPT,1:21.573,1:20.937,1:20.307,21,830,2023,1112
Italy,3,16,Charles Leclerc,Ferrari,1:21.788,1:20.977,1:20.361,21,844,2023,1112
Italy,4,63,George Russell,Mercedes,1:22.148,1:21.382,1:20.671,21,847,2023,1112
Italy,5,11,Sergio Perez,Red Bull Racing Honda RBPT,1:21.911,1:21.240,1:20.688,21,815,2023,1112
Italy,6,23,Alexander Albon,Williams Mercedes,1:21.661,1:21.272,1:20.760,21,848,2023,1112
Italy,7,81,Oscar Piastri,McLaren Mercedes,1:22.106,1:21.527,1:20.785,24,857,2023,1112
Italy,8,44,Lewis Hamilton,Mercedes,1:21.977,1:21.369,1:20.820,21,1,2023,1112
Italy,9,4,Lando Norris,McLaren Mercedes,1:21.995,1:21.581,1:20.979,23,846,2023,1112
Italy,10,14,Fernando Alonso,Aston Martin Aramco Mercedes,1:22.043,1:21.543,1:21.417,19,4,2023,1112
Italy,11,22,Yuki Tsunoda,AlphaTauri Honda RBPT,1:21.852,1:21.594,,15,852,2023,1112
Italy,12,40,Liam Lawson,AlphaTauri Honda RBPT,1:22.112,1:21.758,,15,859,2023,1112
Italy,13,27,Nico Hulkenberg,Haas Ferrari,1:22.343,1:21.776,,16,807,2023,1112
Italy,14,77,Valtteri Bottas,Alfa Romeo Ferrari,1:22.249,1:21.940,,14,822,2023,1112
Italy,15,2,Logan Sargeant,Williams Mercedes,1:21.930,1:21.944,,15,858,2023,1112
Italy,16,24,Guanyu Zhou,Alfa Romeo Ferrari,1:22.390,,,8,855,2023,1112
Italy,17,10,Pierre Gasly,Alpine Renault,1:22.545,,,7,842,2023,1112
Italy,18,31,Esteban Ocon,Alpine Renault,1:22.548,,,8,839,2023,1112
Italy,19,20,Kevin Magnussen,Haas Ferrari,1:22.592,,,8,825,2023,1112
Italy,20,18,Lance Stroll,Aston Martin Aramco Mercedes,1:22.860,,,9,840,2023,1112
Singapore,1,55,Carlos Sainz,Ferrari,1:32.339,1:31.439,1:30.984,20,832,2023,1113
Singapore,2,63,George Russell,Mercedes,1:32.331,1:31.743,1:31.056,17,847,2023,1113
Singapore,3,16,Charles Leclerc,Ferrari,1:32.406,1:32.012,1:31.063,21,844,2023,1113
Singapore,4,4,Lando Norris,McLaren Mercedes,1:32.483,1:31.951,1:31.270,20,846,2023,1113
Singapore,5,44,Lewis Hamilton,Mercedes,1:32.651,1:32.019,1:31.485,16,1,2023,1113
Singapore,6,20,Kevin Magnussen,Haas Ferrari,1:32.242,1:31.892,1:31.575,21,825,2023,1113
Singapore,7,14,Fernando Alonso,Aston Martin Aramco Mercedes,1:32.584,1:31.835,1:31.615,17,4,2023,1113
Singapore,8,31,Esteban Ocon,Alpine Renault,1:32.369,1:32.089,1:31.673,18,839,2023,1113
Singapore,9,27,Nico Hulkenberg,Haas Ferrari,1:32.100,1:31.994,1:31.808,21,807,2023,1113
Singapore,10,40,Liam Lawson,AlphaTauri Honda RBPT,1:32.215,1:32.166,1:32.268,21,859,2023,1113
Singapore,11,1,Max Verstappen,Red Bull Racing Honda RBPT,1:32.398,1:32.173,,14,830,2023,1113
Singapore,12,10,Pierre Gasly,Alpine Renault,1:32.452,1:32.274,,12,842,2023,1113
Singapore,13,11,Sergio Perez,Red Bull Racing Honda RBPT,1:32.099,1:32.310,,13,815,2023,1113
Singapore,14,23,Alexander Albon,Williams Mercedes,1:32.668,1:33.719,,12,848,2023,1113
Singapore,15,22,Yuki Tsunoda,AlphaTauri Honda RBPT,1:31.991,DNF,,10,852,2023,1113
Singapore,16,77,Valtteri Bottas,Alfa Romeo Ferrari,1:32.809,,,9,822,2023,1113
Singapore,17,81,Oscar Piastri,McLaren Mercedes,1:32.902,,,9,857,2023,1113
Singapore,18,2,Logan Sargeant,Williams Mercedes,1:33.252,,,9,858,2023,1113
Singapore,19,24,Guanyu Zhou,Alfa Romeo Ferrari,1:33.258,,,9,855,2023,1113
Singapore,20,18,Lance Stroll,Aston Martin Aramco Mercedes,1:33.397,,,8,840,2023,1113
Japan,1,1,Max Verstappen,Red Bull Racing Honda RBPT,1:29.878,1:29.964,1:28.877,12,830,2023,1114
Japan,2,81,Oscar Piastri,McLaren Mercedes,1:30.439,1:30.122,1:29.458,14,857,2023,1114
Japan,3,4,Lando Norris,McLaren Mercedes,1:30.063,1:30.296,1:29.493,12,846,2023,1114
Japan,4,16,Charles Leclerc,Ferrari,1:30.393,1:29.940,1:29.542,14,844,2023,1114
Japan,5,11,Sergio Perez,Red Bull Racing Honda RBPT,1:30.652,1:29.965,1:29.650,18,815,2023,1114
Japan,6,55,Carlos Sainz,Ferrari,1:30.651,1:30.067,1:29.850,14,832,2023,1114
Japan,7,44,Lewis Hamilton,Mercedes,1:30.811,1:30.040,1:29.908,18,1,2023,1114
Japan,8,63,George Russell,Mercedes,1:30.811,1:30.268,1:30.219,15,847,2023,1114
Japan,9,22,Yuki Tsunoda,AlphaTauri Honda RBPT,1:30.733,1:30.204,1:30.303,18,852,2023,1114
Japan,10,14,Fernando Alonso,Aston Martin Aramco Mercedes,1:30.971,1:30.465,1:30.560,15,4,2023,1114
Japan,11,40,Liam Lawson,AlphaTauri Honda RBPT,1:30.425,1:30.508,,16,859,2023,1114
Japan,12,10,Pierre Gasly,Alpine Renault,1:30.843,1:30.509,,12,842,2023,1114
Japan,13,23,Alexander Albon,Williams Mercedes,1:30.941,1:30.537,,12,848,2023,1114
Japan,14,31,Esteban Ocon,Alpine Renault,1:30.960,1:30.586,,12,839,2023,1114
Japan,15,20,Kevin Magnussen,Haas Ferrari,1:30.976,1:30.665,,9,825,2023,1114
Japan,16,77,Valtteri Bottas,Alfa Romeo Ferrari,1:31.049,,,5,822,2023,1114
Japan,17,18,Lance Stroll,Aston Martin Aramco Mercedes,1:31.181,,,7,840,2023,1114
Japan,18,27,Nico Hulkenberg,Haas Ferrari,1:31.299,,,6,807,2023,1114
Japan,19,24,Guanyu Zhou,Alfa Romeo Ferrari,1:31.398,,,6,855,2023,1114
Japan,NC,2,Logan Sargeant,Williams Mercedes,DNF,,,2,858,2023,1114
Qatar,1,1,Max Verstappen,Red Bull Racing Honda RBPT,1:25.007,1:24.483,1:23.778,19,830,2023,1115
Qatar,2,63,George Russell,Mercedes,1:25.334,1:24.827,1:24.219,21,847,2023,1115
Qatar,3,44,Lewis Hamilton,Mercedes,1:26.076,1:24.381,1:24.305,20,1,2023,1115
Qatar,4,14,Fernando Alonso,Aston Martin Aramco Mercedes,1:25.223,1:25.241,1:24.369,21,4,2023,1115
Qatar,5,16,Charles Leclerc,Ferrari,1:25.452,1:25.079,1:24.424,26,844,2023,1115
Qatar,6,81,Oscar Piastri,McLaren Mercedes,1:25.266,1:24.724,1:24.540,23,857,2023,1115
Qatar,7,10,Pierre Gasly,Alpine Renault,1:25.566,1:24.918,1:24.553,23,842,2023,1115
Qatar,8,31,Esteban Ocon,Alpine Renault,1:25.711,1:24.928,1:24.763,24,839,2023,1115
Qatar,9,77,Valtteri Bottas,Alfa Romeo Ferrari,1:26.038,1:25.297,1:25.058,21,822,2023,1115
Qatar,10,4,Lando Norris,McLaren Mercedes,1:25.131,1:24.685,DNF,21,846,2023,1115
Qatar,11,22,Yuki Tsunoda,AlphaTauri Honda RBPT,1:26.058,1:25.301,,16,852,2023,1115
Qatar,12,55,Carlos Sainz,Ferrari,1:25.808,1:25.328,,18,832,2023,1115
Qatar,13,11,Sergio Perez,Red Bull Racing Honda RBPT,1:25.991,1:25.462,,16,815,2023,1115
Qatar,14,23,Alexander Albon,Williams Mercedes,1:26.118,1:25.707,,15,848,2023,1115
Qatar,15,27,Nico Hulkenberg,Haas Ferrari,1:25.904,1:25.783,,12,807,2023,1115
Qatar,16,2,Logan Sargeant,Williams Mercedes,1:26.210,,,10,858,2023,1115
Qatar,17,18,Lance Stroll,Aston Martin Aramco Mercedes,1:26.345,,,10,840,2023,1115
Qatar,18,40,Liam Lawson,AlphaTauri Honda RBPT,1:26.635,,,10,859,2023,1115
Qatar,19,20,Kevin Magnussen,Haas Ferrari,1:27.046,,,9,825,2023,1115
Qatar,20,24,Guanyu Zhou,Alfa Romeo Ferrari,1:27.432,,,9,855,2023,1115
United States,1,16,Charles Leclerc,Ferrari,1:36.061,1:35.004,1:34.723,21,844,2023,1116
United States,2,4,Lando Norris,McLaren Mercedes,1:35.110,1:35.441,1:34.853,20,846,2023,1116
United States,3,44,Lewis Hamilton,Mercedes,1:35.091,1:35.240,1:34.862,18,1,2023,1116
United States,4,55,Carlos Sainz,Ferrari,1:35.824,1:35.502,1:34.945,18,832,2023,1116
United States,5,63,George Russell,Mercedes,1:36.165,1:35.606,1:35.079,18,847,2023,1116
United States,6,1,Max Verstappen,Red Bull Racing Honda RBPT,1:35.346,1:35.008,1:35.081,18,830,2023,1116
United States,7,10,Pierre Gasly,Alpine Renault,1:36.158,1:35.496,1:35.089,19,842,2023,1116
United States,8,31,Esteban Ocon,Alpine Renault,1:36.151,1:35.413,1:35.154,21,839,2023,1116
United States,9,11,Sergio Perez,Red Bull Racing Honda RBPT,1:35.989,1:35.679,1:35.173,17,815,2023,1116
United States,10,81,Oscar Piastri,McLaren Mercedes,1:36.064,1:35.576,1:35.467,20,857,2023,1116
United States,11,22,Yuki Tsunoda,AlphaTauri Honda RBPT,1:35.913,1:35.697,,12,852,2023,1116
United States,12,24,Guanyu Zhou,Alfa Romeo Ferrari,1:36.052,1:35.698,,15,855,2023,1116
United States,13,77,Valtteri Bottas,Alfa Romeo Ferrari,1:36.082,1:35.858,,15,822,2023,1116
United States,14,20,Kevin Magnussen,Haas Ferrari,1:36.009,1:35.880,,12,825,2023,1116
United States,15,3,Daniel Ricciardo,AlphaTauri Honda RBPT,1:36.213,1:35.974,,12,817,2023,1116
United States,16,27,Nico Hulkenberg,Haas Ferrari,1:36.225,,,6,807,2023,1116
United States,17,14,Fernando Alonso,Aston Martin Aramco Mercedes,1:36.268,,,8,4,2023,1116
United States,18,23,Alexander Albon,Williams Mercedes,1:36.315,,,6,848,2023,1116
United States,19,18,Lance Stroll,Aston Martin Aramco Mercedes,1:36.589,,,9,840,2023,1116
United States,20,2,Logan Sargeant,Williams Mercedes,1:36.827,,,8,858,2023,1116
Mexico,1,16,Charles Leclerc,Ferrari,1:18.401,1:17.901,1:17.166,17,844,2023,1117
Mexico,2,55,Carlos Sainz,Ferrari,1:18.755,1:18.382,1:17.233,17,832,2023,1117
Mexico,3,1,Max Verstappen,Red Bull Racing Honda RBPT,1:18.099,1:17.625,1:17.263,15,830,2023,1117
Mexico,4,3,Daniel Ricciardo,AlphaTauri Honda RBPT,1:18.341,1:17.706,1:17.382,15,817,2023,1117
Mexico,5,11,Sergio Perez,Red Bull Racing Honda RBPT,1:18.553,1:18.124,1:17.423,16,815,2023,1117
Mexico,6,44,Lewis Hamilton,Mercedes,1:18.677,1:17.571,1:17.454,18,1,2023,1117
Mexico,7,81,Oscar Piastri,McLaren Mercedes,1:18.241,1:17.874,1:17.623,18,857,2023,1117
Mexico,8,63,George Russell,Mercedes,1:18.892,1:17.673,1:17.674,19,847,2023,1117
Mexico,9,77,Valtteri Bottas,Alfa Romeo Ferrari,1:18.429,1:18.016,1:18.032,17,822,2023,1117
Mexico,10,24,Guanyu Zhou,Alfa Romeo Ferrari,1:19.016,1:18.440,1:18.050,15,855,2023,1117
Mexico,11,10,Pierre Gasly,Alpine Renault,1:18.945,1:18.521,,15,842,2023,1117
Mexico,12,27,Nico Hulkenberg,Haas Ferrari,1:18.969,1:18.524,,12,807,2023,1117
Mexico,13,14,Fernando Alonso,Aston Martin Aramco Mercedes,1:18.848,1:18.738,,14,4,2023,1117
Mexico,14,23,Alexander Albon,Williams Mercedes,1:18.828,1:19.147,,12,848,2023,1117
Mexico,15,22,Yuki Tsunoda,AlphaTauri Honda RBPT,1:18.890,DNF,,11,852,2023,1117
Mexico,16,31,Esteban Ocon,Alpine Renault,1:19.080,,,6,839,2023,1117
Mexico,17,20,Kevin Magnussen,Haas Ferrari,1:19.163,,,9,825,2023,1117
Mexico,18,18,Lance Stroll,Aston Martin Aramco Mercedes,1:19.227,,,9,840,2023,1117
Mexico,19,4,Lando Norris,McLaren Mercedes,1:21.554,,,6,846,2023,1117
Mexico,NC,2,Logan Sargeant,Williams Mercedes,DNF,,,6,858,2023,1117
Brazil,1,1,Max Verstappen,Red Bull Racing Honda RBPT,1:10.436,1:10.162,1:10.727,18,830,2023,1118
Brazil,2,16,Charles Leclerc,Ferrari,1:10.472,1:10.303,1:11.021,18,844,2023,1118
Brazil,3,18,Lance Stroll,Aston Martin Aramco Mercedes,1:10.551,1:10.375,1:11.344,16,840,2023,1118
Brazil,4,14,Fernando Alonso,Aston Martin Aramco Mercedes,1:10.557,1:10.237,1:11.387,18,4,2023,1118
Brazil,5,44,Lewis Hamilton,Mercedes,1:10.604,1:10.266,1:11.469,21,1,2023,1118
Brazil,6,63,George Russell,Mercedes,1:10.340,1:10.316,1:11.590,21,847,2023,1118
Brazil,7,4,Lando Norris,McLaren Mercedes,1:10.623,1:10.021,1:11.987,13,846,2023,1118
Brazil,8,55,Carlos Sainz,Ferrari,1:10.624,1:10.254,1:11.989,20,832,2023,1118
Brazil,9,11,Sergio Perez,Red Bull Racing Honda RBPT,1:10.668,1:10.219,1:12.321,17,815,2023,1118
Brazil,10,81,Oscar Piastri,McLaren Mercedes,1:10.519,1:10.330,DNF,15,857,2023,1118
Brazil,11,27,Nico Hulkenberg,Haas Ferrari,1:10.475,1:10.547,,15,807,2023,1118
Brazil,12,31,Esteban Ocon,Alpine Renault,1:10.763,1:10.562,,15,839,2023,1118
Brazil,13,10,Pierre Gasly,Alpine Renault,1:10.793,1:10.567,,14,842,2023,1118
Brazil,14,20,Kevin Magnussen,Haas Ferrari,1:10.602,1:10.723,,15,825,2023,1118
Brazil,15,23,Alexander Albon,Williams Mercedes,1:10.621,1:10.840,,15,848,2023,1118
Brazil,16,22,Yuki Tsunoda,AlphaTauri Honda RBPT,1:10.837,,,9,852,2023,1118
Brazil,17,3,Daniel Ricciardo,AlphaTauri Honda RBPT,1:10.843,,,6,817,2023,1118
Brazil,18,77,Valtteri Bottas,Alfa Romeo Ferrari,1:10.955,,,9,822,2023,1118
Brazil,19,2,Logan Sargeant,Williams Mercedes,1:11.035,,,9,858,2023,1118
Brazil,20,24,Guanyu Zhou,Alfa Romeo Ferrari,1:11.275,,,9,855,2023,1118
Las Vegas,1,16,Charles Leclerc,Ferrari,1:33.617,1:32.775,1:32.726,23,844,2023,1119
Las Vegas,2,55,Carlos Sainz,Ferrari,1:33.851,1:33.338,1:32.770,23,832,2023,1119
Las Vegas,3,1,Max Verstappen,Red Bull Racing Honda RBPT,1:34.190,1:33.572,1:33.104,19,830,2023,1119
Las Vegas,4,63,George Russell,Mercedes,1:34.137,1:33.351,1:33.112,22,847,2023,1119
Las Vegas,5,10,Pierre Gasly,Alpine Renault,1:34.272,1:33.494,1:33.239,25,842,2023,1119
Las Vegas,6,23,Alexander Albon,Williams Mercedes,1:34.634,1:33.588,1:33.323,21,848,2023,1119
Las Vegas,7,2,Logan Sargeant,Williams Mercedes,1:34.525,1:33.733,1:33.513,23,858,2023,1119
Las Vegas,8,77,Valtteri Bottas,Alfa Romeo Ferrari,1:34.505,1:33.809,1:33.525,19,822,2023,1119
Las Vegas,9,20,Kevin Magnussen,Haas Ferrari,1:34.337,1:33.664,1:33.537,23,825,2023,1119
Las Vegas,10,14,Fernando Alonso,Aston Martin Aramco Mercedes,1:34.422,1:33.617,1:33.555,24,4,2023,1119
Las Vegas,11,44,Lewis Hamilton,Mercedes,1:34.307,1:33.837,,15,1,2023,1119
Las Vegas,12,11,Sergio Perez,Red Bull Racing Honda RBPT,1:34.574,1:33.855,,14,815,2023,1119
Las Vegas,13,27,Nico Hulkenberg,Haas Ferrari,1:34.265,1:33.979,,17,807,2023,1119
Las Vegas,14,18,Lance Stroll,Aston Martin Aramco Mercedes,1:34.504,1:34.199,,18,840,2023,1119
Las Vegas,15,3,Daniel Ricciardo,AlphaTauri Honda RBPT,1:34.683,1:34.308,,18,817,2023,1119
Las Vegas,16,4,Lando Norris,McLaren Mercedes,1:34.703,,,9,846,2023,1119
Las Vegas,17,31,Esteban Ocon,Alpine Renault,1:34.834,,,10,839,2023,1119
Las Vegas,18,24,Guanyu Zhou,Alfa Romeo Ferrari,1:34.849,,,10,855,2023,1119
Las Vegas,19,81,Oscar Piastri,McLaren Mercedes,1:34.850,,,10,857,2023,1119
Las Vegas,20,22,Yuki Tsunoda,AlphaTauri Honda RBPT,1:36.447,,,9,852,2023,1119
Abu Dhabi,1,1,Max Verstappen,Red Bull Racing Honda RBPT,1:24.160,1:23.740,1:23.445,15,830,2023,1120
Abu Dhabi,2,16,Charles Leclerc,Ferrari,1:24.459,1:23.969,1:23.584,18,844,2023,1120
Abu Dhabi,3,81,Oscar Piastri,McLaren Mercedes,1:24.487,1:24.278,1:23.782,17,857,2023,1120
Abu Dhabi,4,63,George Russell,Mercedes,1:24.337,1:24.013,1:23.788,18,847,2023,1120
Abu Dhabi,5,4,Lando Norris,McLaren Mercedes,1:24.368,1:23.920,1:23.816,16,846,2023,1120
Abu Dhabi,6,22,Yuki Tsunoda,AlphaTauri Honda RBPT,1:24.286,1:24.207,1:23.968,18,852,2023,1120
Abu Dhabi,7,14,Fernando Alonso,Aston Martin Aramco Mercedes,1:24.501,1:24.131,1:24.084,18,4,2023,1120
Abu Dhabi,8,27,Nico Hulkenberg,Haas Ferrari,1:24.425,1:24.213,1:24.108,18,807,2023,1120
Abu Dhabi,9,11,Sergio Perez,Red Bull Racing Honda RBPT,1:24.209,1:24.116,1:24.171,17,815,2023,1120
Abu Dhabi,10,10,Pierre Gasly,Alpine Renault,1:24.600,1:24.078,1:24.578,18,842,2023,1120
Abu Dhabi,11,44,Lewis Hamilton,Mercedes,1:24.437,1:24.359,,12,1,2023,1120
Abu Dhabi,12,31,Esteban Ocon,Alpine Renault,1:24.565,1:24.391,,12,839,2023,1120
Abu Dhabi,13,18,Lance Stroll,Aston Martin Aramco Mercedes,1:24.405,1:24.422,,12,840,2023,1120
Abu Dhabi,14,23,Alexander Albon,Williams Mercedes,1:24.298,1:24.439,,12,848,2023,1120
Abu Dhabi,15,3,Daniel Ricciardo,AlphaTauri Honda RBPT,1:24.461,1:24.442,,12,817,2023,1120
Abu Dhabi,16,55,Carlos Sainz,Ferrari,1:24.738,,,6,832,2023,1120
Abu Dhabi,17,20,Kevin Magnussen,Haas Ferrari,1:24.764,,,6,825,2023,1120
Abu Dhabi,18,77,Valtteri Bottas,Alfa Romeo Ferrari,1:24.788,,,6,822,2023,1120
Abu Dhabi,19,24,Guanyu Zhou,Alfa Romeo Ferrari,1:25.159,,,6,855,2023,1120
Abu Dhabi,NC,2,Logan Sargeant,Williams Mercedes,DNF,,,6,858,2023,1120
