Position,Starting Grid,kaggle_driver_id,raceId,finished,dnf,laps_down,time_gap_sec,year,Team,Track,rain,sunny
1,1.0,830,1121,1.0,0.0,0.0,0.0,2024,Red Bull Racing,Bahrain,0,1
2,5.0,815,1121,1.0,0.0,0.0,22.457,2024,Red Bull Racing,Bahrain,0,1
3,4.0,832,1121,1.0,0.0,0.0,25.11,2024,Ferrari,Bahrain,0,1
4,2.0,844,1121,1.0,0.0,0.0,39.669,2024,Ferrari,Bahrain,0,1
5,3.0,847,1121,1.0,0.0,0.0,46.788,2024,Mercedes,Bahrain,0,1
6,7.0,846,1121,1.0,0.0,0.0,48.458,2024,McLaren,Bahrain,0,1
7,9.0,1,1121,1.0,0.0,0.0,50.324,2024,Mercedes,Bahrain,0,1
8,8.0,857,1121,1.0,0.0,0.0,56.082,2024,McLaren,Bahrain,0,1
9,6.0,4,1121,1.0,0.0,0.0,74.887,2024,Aston Martin,Bahrain,0,1
10,12.0,840,1121,1.0,0.0,0.0,93.216,2024,Aston Martin,Bahrain,0,1
11,17.0,855,1121,1.0,0.0,1.0,,2024,Kick Sauber,Bahrain,0,1
12,15.0,825,1121,1.0,0.0,1.0,,2024,Haas,Bahrain,0,1
13,14.0,817,1121,1.0,0.0,1.0,,2024,RB,Bahrain,0,1
14,11.0,852,1121,1.0,0.0,1.0,,2024,RB,Bahrain,0,1
15,13.0,848,1121,1.0,0.0,1.0,,2024,Williams,Bahrain,0,1
16,10.0,807,1121,1.0,0.0,1.0,,2024,Haas,Bahrain,0,1
17,19.0,839,1121,1.0,0.0,1.0,,2024,Alpine,Bahrain,0,1
18,20.0,842,1121,1.0,0.0,1.0,,2024,Alpine,Bahrain,0,1
19,16.0,822,1121,1.0,0.0,1.0,,2024,Kick Sauber,Bahrain,0,1
20,18.0,858,1121,1.0,0.0,2.0,,2024,Williams,Bahrain,0,1
1,1.0,830,1122,1.0,0.0,0.0,0.0,2024,Red Bull Racing,Saudi Arabia,0,1
2,3.0,815,1122,1.0,0.0,0.0,13.643,2024,Red Bull Racing,Saudi Arabia,0,1
3,2.0,844,1122,1.0,0.0,0.0,18.639,2024,Ferrari,Saudi Arabia,0,1
4,5.0,857,1122,1.0,0.0,0.0,32.007,2024,McLaren,Saudi Arabia,0,1
5,4.0,4,1122,1.0,0.0,0.0,35.759,2024,Aston Martin,Saudi Arabia,0,1
6,7.0,847,1122,1.0,0.0,0.0,39.936,2024,Mercedes,Saudi Arabia,0,1
7,11.0,860,1122,1.0,0.0,0.0,42.679,2024,Haas,Saudi Arabia,0,1
8,6.0,846,1122,1.0,0.0,0.0,45.708,2024,McLaren,Saudi Arabia,0,1
9,8.0,1,1122,1.0,0.0,0.0,47.391,2024,Mercedes,Saudi Arabia,0,1
10,15.0,807,1122,1.0,0.0,0.0,76.996,2024,Haas,Saudi Arabia,0,1
11,12.0,848,1122,1.0,0.0,0.0,88.354,2024,Williams,Saudi Arabia,0,1
12,13.0,825,1122,1.0,0.0,0.0,105.737,2024,Haas,Saudi Arabia,0,1
13,17.0,839,1122,1.0,0.0,1.0,,2024,Alpine,Saudi Arabia,0,1
14,19.0,858,1122,1.0,0.0,1.0,,2024,Williams,Saudi Arabia,0,1
15,9.0,852,1122,1.0,0.0,1.0,,2024,RB,Saudi Arabia,0,1
16,14.0,817,1122,1.0,0.0,1.0,,2024,RB,Saudi Arabia,0,1
17,16.0,822,1122,1.0,0.0,1.0,,2024,Kick Sauber,Saudi Arabia,0,1
18,20.0,855,1122,1.0,0.0,1.0,,2024,Kick Sauber,Saudi Arabia,0,1
NC,10.0,840,1122,0.0,1.0,,,2024,Aston Martin,Saudi Arabia,0,1
NC,18.0,842,1122,0.0,1.0,,,2024,Alpine,Saudi Arabia,0,1
1,2.0,832,1123,1.0,0.0,0.0,0.0,2024,Ferrari,Australia,0,1
2,4.0,844,1123,1.0,0.0,0.0,2.366,2024,Ferrari,Australia,0,1
3,3.0,846,1123,1.0,0.0,0.0,5.904,2024,McLaren,Australia,0,1
4,5.0,857,1123,1.0,0.0,0.0,35.77,2024,McLaren,Australia,0,1
5,6.0,815,1123,1.0,0.0,0.0,56.309,2024,Red Bull Racing,Australia,0,1
6,9.0,840,1123,1.0,0.0,0.0,93.222,2024,Aston Martin,Australia,0,1
7,8.0,852,1123,1.0,0.0,0.0,95.601,2024,RB,Australia,0,1
8,10.0,4,1123,1.0,0.0,0.0,100.992,2024,Aston Martin,Australia,0,1
9,16.0,807,1123,1.0,0.0,0.0,104.553,2024,Haas,Australia,0,1
10,14.0,825,1123,1.0,0.0,1.0,,2024,Haas,Australia,0,1
11,12.0,848,1123,1.0,0.0,1.0,,2024,Williams,Australia,0,1
12,18.0,817,1123,1.0,0.0,1.0,,2024,RB,Australia,0,1
13,17.0,842,1123,1.0,0.0,1.0,,2024,Alpine,Australia,0,1
14,13.0,822,1123,1.0,0.0,1.0,,2024,Kick Sauber,Australia,0,1
15,19.0,855,1123,1.0,0.0,1.0,,2024,Kick Sauber,Australia,0,1
16,15.0,839,1123,1.0,0.0,1.0,,2024,Alpine,Australia,0,1
17,7.0,847,1123,0.0,1.0,,,2024,Mercedes,Australia,0,1
NC,11.0,1,1123,0.0,1.0,,,2024,Mercedes,Australia,0,1
NC,1.0,830,1123,0.0,1.0,,,2024,Red Bull Racing,Australia,0,1
NC,,858,1123,0.0,1.0,,,2024,Williams,Australia,0,1
1,1.0,830,1124,1.0,0.0,0.0,0.0,2024,Red Bull Racing,Japan,0,1
2,2.0,815,1124,1.0,0.0,0.0,12.535,2024,Red Bull Racing,Japan,0,1
3,4.0,832,1124,1.0,0.0,0.0,20.866,2024,Ferrari,Japan,0,1
4,8.0,844,1124,1.0,0.0,0.0,26.522,2024,Ferrari,Japan,0,1
5,3.0,846,1124,1.0,0.0,0.0,29.7,2024,McLaren,Japan,0,1
6,5.0,4,1124,1.0,0.0,0.0,44.272,2024,Aston Martin,Japan,0,1
7,9.0,847,1124,1.0,0.0,0.0,45.951,2024,Mercedes,Japan,0,1
8,6.0,857,1124,1.0,0.0,0.0,47.525,2024,McLaren,Japan,0,1
9,7.0,1,1124,1.0,0.0,0.0,48.626,2024,Mercedes,Japan,0,1
10,10.0,852,1124,1.0,0.0,1.0,,2024,RB,Japan,0,1
11,12.0,807,1124,1.0,0.0,1.0,,2024,Haas,Japan,0,1
12,16.0,840,1124,1.0,0.0,1.0,,2024,Aston Martin,Japan,0,1
13,18.0,825,1124,1.0,0.0,1.0,,2024,Haas,Japan,0,1
14,13.0,822,1124,1.0,0.0,1.0,,2024,Kick Sauber,Japan,0,1
15,15.0,839,1124,1.0,0.0,1.0,,2024,Alpine,Japan,0,1
16,17.0,842,1124,1.0,0.0,1.0,,2024,Alpine,Japan,0,1
17,19.0,858,1124,1.0,0.0,1.0,,2024,Williams,Japan,0,1
NC,20.0,855,1124,0.0,1.0,,,2024,Kick Sauber,Japan,0,1
NC,11.0,817,1124,0.0,1.0,,,2024,RB,Japan,0,1
NC,14.0,848,1124,0.0,1.0,,,2024,Williams,Japan,0,1
1,1.0,830,1125,1.0,0.0,0.0,0.0,2024,Red Bull Racing,China,0,1
2,4.0,846,1125,1.0,0.0,0.0,13.773,2024,McLaren,China,0,1
3,2.0,815,1125,1.0,0.0,0.0,19.16,2024,Red Bull Racing,China,0,1
4,6.0,844,1125,1.0,0.0,0.0,23.623,2024,Ferrari,China,0,1
5,7.0,832,1125,1.0,0.0,0.0,33.983,2024,Ferrari,China,0,1
6,8.0,847,1125,1.0,0.0,0.0,38.724,2024,Mercedes,China,0,1
7,3.0,4,1125,1.0,0.0,0.0,43.414,2024,Aston Martin,China,0,1
8,5.0,857,1125,1.0,0.0,0.0,56.198,2024,McLaren,China,0,1
9,18.0,1,1125,1.0,0.0,0.0,57.986,2024,Mercedes,China,0,1
10,9.0,807,1125,1.0,0.0,0.0,60.476,2024,Haas,China,0,1
11,13.0,839,1125,1.0,0.0,0.0,62.812,2024,Alpine,China,0,1
12,14.0,848,1125,1.0,0.0,0.0,65.506,2024,Williams,China,0,1
13,15.0,842,1125,1.0,0.0,0.0,69.223,2024,Alpine,China,0,1
14,16.0,855,1125,1.0,0.0,0.0,71.689,2024,Kick Sauber,China,0,1
15,11.0,840,1125,1.0,0.0,0.0,82.786,2024,Aston Martin,China,0,1
16,17.0,825,1125,1.0,0.0,0.0,87.533,2024,Haas,China,0,1
17,20.0,858,1125,1.0,0.0,0.0,95.11,2024,Williams,China,0,1
NC,12.0,817,1125,0.0,1.0,,,2024,RB,China,0,1
NC,19.0,852,1125,0.0,1.0,,,2024,RB,China,0,1
NC,10.0,822,1125,0.0,1.0,,,2024,Kick Sauber,China,0,1
1,5.0,846,1126,1.0,0.0,0.0,0.0,2024,McLaren,Miami,0,1
2,1.0,830,1126,1.0,0.0,0.0,7.612,2024,Red Bull Racing,Miami,0,1
3,2.0,844,1126,1.0,0.0,0.0,9.92,2024,Ferrari,Miami,0,1
4,4.0,815,1126,1.0,0.0,0.0,14.65,2024,Red Bull Racing,Miami,0,1
5,3.0,832,1126,1.0,0.0,0.0,16.407,2024,Ferrari,Miami,0,1
6,8.0,1,1126,1.0,0.0,0.0,16.585,2024,Mercedes,Miami,0,1
7,10.0,852,1126,1.0,0.0,0.0,26.185,2024,RB,Miami,0,1
8,7.0,847,1126,1.0,0.0,0.0,34.789,2024,Mercedes,Miami,0,1
9,15.0,4,1126,1.0,0.0,0.0,37.107,2024,Aston Martin,Miami,0,1
10,13.0,839,1126,1.0,0.0,0.0,39.746,2024,Alpine,Miami,0,1
11,9.0,807,1126,1.0,0.0,0.0,40.789,2024,Haas,Miami,0,1
12,12.0,842,1126,1.0,0.0,0.0,44.958,2024,Alpine,Miami,0,1
13,6.0,857,1126,1.0,0.0,0.0,49.756,2024,McLaren,Miami,0,1
14,19.0,855,1126,1.0,0.0,0.0,49.979,2024,Kick Sauber,Miami,0,1
15,20.0,817,1126,1.0,0.0,0.0,50.956,2024,RB,Miami,0,1
16,16.0,822,1126,1.0,0.0,0.0,52.356,2024,Kick Sauber,Miami,0,1
17,11.0,840,1126,1.0,0.0,0.0,55.173,2024,Aston Martin,Miami,0,1
18,14.0,848,1126,1.0,0.0,0.0,76.091,2024,Williams,Miami,0,1
19,18.0,825,1126,1.0,0.0,0.0,84.683,2024,Haas,Miami,0,1
NC,17.0,858,1126,0.0,1.0,,,2024,Williams,Miami,0,1
1,1.0,830,1127,1.0,0.0,0.0,0.0,2024,Red Bull Racing,Emilia Romagna,0,1
2,2.0,846,1127,1.0,0.0,0.0,0.725,2024,McLaren,Emilia Romagna,0,1
3,3.0,844,1127,1.0,0.0,0.0,7.916,2024,Ferrari,Emilia Romagna,0,1
4,5.0,857,1127,1.0,0.0,0.0,14.132,2024,McLaren,Emilia Romagna,0,1
5,4.0,832,1127,1.0,0.0,0.0,22.325,2024,Ferrari,Emilia Romagna,0,1
6,8.0,1,1127,1.0,0.0,0.0,35.104,2024,Mercedes,Emilia Romagna,0,1
7,6.0,847,1127,1.0,0.0,0.0,47.154,2024,Mercedes,Emilia Romagna,0,1
8,11.0,815,1127,1.0,0.0,0.0,54.776,2024,Red Bull Racing,Emilia Romagna,0,1
9,13.0,840,1127,1.0,0.0,0.0,79.556,2024,Aston Martin,Emilia Romagna,0,1
10,7.0,852,1127,1.0,0.0,1.0,,2024,RB,Emilia Romagna,0,1
11,10.0,807,1127,1.0,0.0,1.0,,2024,Haas,Emilia Romagna,0,1
12,18.0,825,1127,1.0,0.0,1.0,,2024,Haas,Emilia Romagna,0,1
13,9.0,817,1127,1.0,0.0,1.0,,2024,RB,Emilia Romagna,0,1
14,12.0,839,1127,1.0,0.0,1.0,,2024,Alpine,Emilia Romagna,0,1
15,17.0,855,1127,1.0,0.0,1.0,,2024,Kick Sauber,Emilia Romagna,0,1
16,15.0,842,1127,1.0,0.0,1.0,,2024,Alpine,Emilia Romagna,0,1
17,19.0,858,1127,1.0,0.0,1.0,,2024,Williams,Emilia Romagna,0,1
18,16.0,822,1127,1.0,0.0,1.0,,2024,Kick Sauber,Emilia Romagna,0,1
19,20.0,4,1127,1.0,0.0,1.0,,2024,Aston Martin,Emilia Romagna,0,1
NC,14.0,848,1127,0.0,1.0,,,2024,Williams,Emilia Romagna,0,1
1,1.0,844,1128,1.0,0.0,0.0,0.0,2024,Ferrari,Monaco,0,1
2,2.0,857,1128,1.0,0.0,0.0,7.152,2024,McLaren,Monaco,0,1
3,3.0,832,1128,1.0,0.0,0.0,7.585,2024,Ferrari,Monaco,0,1
4,4.0,846,1128,1.0,0.0,0.0,8.65,2024,McLaren,Monaco,0,1
5,5.0,847,1128,1.0,0.0,0.0,13.309,2024,Mercedes,Monaco,0,1
6,6.0,830,1128,1.0,0.0,0.0,13.853,2024,Red Bull Racing,Monaco,0,1
7,7.0,1,1128,1.0,0.0,0.0,14.908,2024,Mercedes,Monaco,0,1
8,8.0,852,1128,1.0,0.0,1.0,,2024,RB,Monaco,0,1
9,9.0,848,1128,1.0,0.0,1.0,,2024,Williams,Monaco,0,1
10,10.0,842,1128,1.0,0.0,1.0,,2024,Alpine,Monaco,0,1
11,14.0,4,1128,1.0,0.0,2.0,,2024,Aston Martin,Monaco,0,1
12,12.0,817,1128,1.0,0.0,2.0,,2024,RB,Monaco,0,1
13,17.0,822,1128,1.0,0.0,2.0,,2024,Kick Sauber,Monaco,0,1
14,13.0,840,1128,1.0,0.0,2.0,,2024,Aston Martin,Monaco,0,1
15,15.0,858,1128,1.0,0.0,2.0,,2024,Williams,Monaco,0,1
16,18.0,855,1128,1.0,0.0,2.0,,2024,Kick Sauber,Monaco,0,1
NC,11.0,839,1128,0.0,1.0,,,2024,Alpine,Monaco,0,1
NC,16.0,815,1128,0.0,1.0,,,2024,Red Bull Racing,Monaco,0,1
NC,19.0,807,1128,0.0,1.0,,,2024,Haas,Monaco,0,1
NC,20.0,825,1128,0.0,1.0,,,2024,Haas,Monaco,0,1
1,2.0,830,1129,1.0,0.0,0.0,0.0,2024,Red Bull Racing,Canada,1,1
2,3.0,846,1129,1.0,0.0,0.0,3.879,2024,McLaren,Canada,1,1
3,1.0,847,1129,1.0,0.0,0.0,4.317,2024,Mercedes,Canada,1,1
4,7.0,1,1129,1.0,0.0,0.0,4.915,2024,Mercedes,Canada,1,1
5,4.0,857,1129,1.0,0.0,0.0,10.199,2024,McLaren,Canada,1,1
6,6.0,4,1129,1.0,0.0,0.0,17.51,2024,Aston Martin,Canada,1,1
7,9.0,840,1129,1.0,0.0,0.0,23.625,2024,Aston Martin,Canada,1,1
8,5.0,817,1129,1.0,0.0,0.0,28.672,2024,RB,Canada,1,1
9,15.0,842,1129,1.0,0.0,0.0,30.021,2024,Alpine,Canada,1,1
10,18.0,839,1129,1.0,0.0,0.0,30.313,2024,Alpine,Canada,1,1
11,17.0,807,1129,1.0,0.0,0.0,30.824,2024,Haas,Canada,1,1
12,14.0,825,1129,1.0,0.0,0.0,31.253,2024,Haas,Canada,1,1
13,19.0,822,1129,1.0,0.0,0.0,40.487,2024,Kick Sauber,Canada,1,1
14,8.0,852,1129,1.0,0.0,0.0,52.694,2024,RB,Canada,1,1
15,20.0,855,1129,1.0,0.0,1.0,,2024,Kick Sauber,Canada,1,1
NC,12.0,832,1129,0.0,1.0,,,2024,Ferrari,Canada,1,1
NC,10.0,848,1129,0.0,1.0,,,2024,Williams,Canada,1,1
NC,16.0,815,1129,0.0,1.0,,,2024,Red Bull Racing,Canada,1,1
NC,11.0,844,1129,0.0,1.0,,,2024,Ferrari,Canada,1,1
NC,13.0,858,1129,0.0,1.0,,,2024,Williams,Canada,1,1
1,2.0,830,1130,1.0,0.0,0.0,0.0,2024,Red Bull Racing,Spain,1,1
2,1.0,846,1130,1.0,0.0,0.0,2.219,2024,McLaren,Spain,1,1
3,3.0,1,1130,1.0,0.0,0.0,17.79,2024,Mercedes,Spain,1,1
4,4.0,847,1130,1.0,0.0,0.0,22.32,2024,Mercedes,Spain,1,1
5,5.0,844,1130,1.0,0.0,0.0,22.709,2024,Ferrari,Spain,1,1
6,6.0,832,1130,1.0,0.0,0.0,31.028,2024,Ferrari,Spain,1,1
7,9.0,857,1130,1.0,0.0,0.0,33.76,2024,McLaren,Spain,1,1
8,11.0,815,1130,1.0,0.0,0.0,59.524,2024,Red Bull Racing,Spain,1,1
9,7.0,842,1130,1.0,0.0,0.0,62.025,2024,Alpine,Spain,1,1
10,8.0,839,1130,1.0,0.0,0.0,71.889,2024,Alpine,Spain,1,1
11,13.0,807,1130,1.0,0.0,0.0,79.215,2024,Haas,Spain,1,1
12,10.0,4,1130,1.0,0.0,1.0,,2024,Aston Martin,Spain,1,1
13,15.0,855,1130,1.0,0.0,1.0,,2024,Kick Sauber,Spain,1,1
14,14.0,840,1130,1.0,0.0,1.0,,2024,Aston Martin,Spain,1,1
15,18.0,817,1130,1.0,0.0,1.0,,2024,RB,Spain,1,1
16,12.0,822,1130,1.0,0.0,1.0,,2024,Kick Sauber,Spain,1,1
17,16.0,825,1130,1.0,0.0,1.0,,2024,Haas,Spain,1,1
18,20.0,848,1130,1.0,0.0,1.0,,2024,Williams,Spain,1,1
19,17.0,852,1130,1.0,0.0,1.0,,2024,RB,Spain,1,1
20,19.0,858,1130,1.0,0.0,2.0,,2024,Williams,Spain,1,1
1,3.0,847,1131,1.0,0.0,0.0,0.0,2024,Mercedes,Austria,0,1
2,7.0,857,1131,1.0,0.0,0.0,1.906,2024,McLaren,Austria,0,1
3,4.0,832,1131,1.0,0.0,0.0,4.533,2024,Ferrari,Austria,0,1
4,5.0,1,1131,1.0,0.0,0.0,23.142,2024,Mercedes,Austria,0,1
5,1.0,830,1131,1.0,0.0,0.0,37.253,2024,Red Bull Racing,Austria,0,1
6,9.0,807,1131,1.0,0.0,0.0,54.088,2024,Haas,Austria,0,1
7,8.0,815,1131,1.0,0.0,0.0,54.672,2024,Red Bull Racing,Austria,0,1
8,12.0,825,1131,1.0,0.0,0.0,60.355,2024,Haas,Austria,0,1
9,11.0,817,1131,1.0,0.0,0.0,61.169,2024,RB,Austria,0,1
10,13.0,842,1131,1.0,0.0,0.0,61.766,2024,Alpine,Austria,0,1
11,6.0,844,1131,1.0,0.0,0.0,67.056,2024,Ferrari,Austria,0,1
12,10.0,839,1131,1.0,0.0,0.0,68.325,2024,Alpine,Austria,0,1
13,17.0,840,1131,1.0,0.0,1.0,,2024,Aston Martin,Austria,0,1
14,14.0,852,1131,1.0,0.0,1.0,,2024,RB,Austria,0,1
15,16.0,848,1131,1.0,0.0,1.0,,2024,Williams,Austria,0,1
16,18.0,822,1131,1.0,0.0,1.0,,2024,Kick Sauber,Austria,0,1
17,20.0,855,1131,1.0,0.0,1.0,,2024,Kick Sauber,Austria,0,1
18,15.0,4,1131,1.0,0.0,1.0,,2024,Aston Martin,Austria,0,1
19,19.0,858,1131,1.0,0.0,2.0,,2024,Williams,Austria,0,1
20,2.0,846,1131,1.0,0.0,7.0,,2024,McLaren,Austria,0,1
1,2.0,1,1132,1.0,0.0,0.0,0.0,2024,Mercedes,Great Britain,1,1
2,4.0,830,1132,1.0,0.0,0.0,1.465,2024,Red Bull Racing,Great Britain,1,1
3,3.0,846,1132,1.0,0.0,0.0,7.547,2024,McLaren,Great Britain,1,1
4,5.0,857,1132,1.0,0.0,0.0,12.429,2024,McLaren,Great Britain,1,1
5,7.0,832,1132,1.0,0.0,0.0,47.318,2024,Ferrari,Great Britain,1,1
6,6.0,807,1132,1.0,0.0,0.0,55.722,2024,Haas,Great Britain,1,1
7,8.0,840,1132,1.0,0.0,0.0,56.569,2024,Aston Martin,Great Britain,1,1
8,10.0,4,1132,1.0,0.0,0.0,63.577,2024,Aston Martin,Great Britain,1,1
9,9.0,848,1132,1.0,0.0,0.0,68.387,2024,Williams,Great Britain,1,1
10,13.0,852,1132,1.0,0.0,0.0,79.303,2024,RB,Great Britain,1,1
11,12.0,858,1132,1.0,0.0,0.0,88.96,2024,Williams,Great Britain,1,1
12,17.0,825,1132,1.0,0.0,0.0,90.153,2024,Haas,Great Britain,1,1
13,15.0,817,1132,1.0,0.0,1.0,,2024,RB,Great Britain,1,1
14,11.0,844,1132,1.0,0.0,1.0,,2024,Ferrari,Great Britain,1,1
15,16.0,822,1132,1.0,0.0,1.0,,2024,Kick Sauber,Great Britain,1,1
16,18.0,839,1132,1.0,0.0,2.0,,2024,Alpine,Great Britain,1,1
17,20.0,815,1132,1.0,0.0,2.0,,2024,Red Bull Racing,Great Britain,1,1
18,14.0,855,1132,1.0,0.0,2.0,,2024,Kick Sauber,Great Britain,1,1
NC,1.0,847,1132,0.0,1.0,,,2024,Mercedes,Great Britain,1,1
NC,19.0,842,1132,0.0,1.0,,,2024,Alpine,Great Britain,1,1
1,2.0,857,1133,1.0,0.0,0.0,0.0,2024,McLaren,Hungary,0,1
2,1.0,846,1133,1.0,0.0,0.0,2.141,2024,McLaren,Hungary,0,1
3,5.0,1,1133,1.0,0.0,0.0,14.88,2024,Mercedes,Hungary,0,1
4,6.0,844,1133,1.0,0.0,0.0,19.686,2024,Ferrari,Hungary,0,1
5,3.0,830,1133,1.0,0.0,0.0,21.349,2024,Red Bull Racing,Hungary,0,1
6,4.0,832,1133,1.0,0.0,0.0,23.073,2024,Ferrari,Hungary,0,1
7,16.0,815,1133,1.0,0.0,0.0,39.792,2024,Red Bull Racing,Hungary,0,1
8,17.0,847,1133,1.0,0.0,0.0,42.368,2024,Mercedes,Hungary,0,1
9,10.0,852,1133,1.0,0.0,0.0,77.259,2024,RB,Hungary,0,1
10,8.0,840,1133,1.0,0.0,0.0,77.976,2024,Aston Martin,Hungary,0,1
11,7.0,4,1133,1.0,0.0,0.0,82.46,2024,Aston Martin,Hungary,0,1
12,9.0,817,1133,1.0,0.0,1.0,,2024,RB,Hungary,0,1
13,11.0,807,1133,1.0,0.0,1.0,,2024,Haas,Hungary,0,1
14,13.0,848,1133,1.0,0.0,1.0,,2024,Williams,Hungary,0,1
15,15.0,825,1133,1.0,0.0,1.0,,2024,Haas,Hungary,0,1
16,12.0,822,1133,1.0,0.0,1.0,,2024,Kick Sauber,Hungary,0,1
17,14.0,858,1133,1.0,0.0,1.0,,2024,Williams,Hungary,0,1
18,19.0,839,1133,1.0,0.0,1.0,,2024,Alpine,Hungary,0,1
19,18.0,855,1133,1.0,0.0,1.0,,2024,Kick Sauber,Hungary,0,1
NC,20.0,842,1133,0.0,1.0,,,2024,Alpine,Hungary,0,1
DQ,6.0,847,1134,1.0,0.0,0.0,0.0,2024,Mercedes,Belgium,0,1
1,3.0,1,1134,1.0,0.0,0.0,0.526,2024,Mercedes,Belgium,0,1
2,5.0,857,1134,1.0,0.0,0.0,1.173,2024,McLaren,Belgium,0,1
3,1.0,844,1134,1.0,0.0,0.0,8.549,2024,Ferrari,Belgium,0,1
4,11.0,830,1134,1.0,0.0,0.0,9.226,2024,Red Bull Racing,Belgium,0,1
5,4.0,846,1134,1.0,0.0,0.0,9.85,2024,McLaren,Belgium,0,1
6,7.0,832,1134,1.0,0.0,0.0,19.795,2024,Ferrari,Belgium,0,1
7,2.0,815,1134,1.0,0.0,0.0,3.195,2024,Red Bull Racing,Belgium,0,1
8,8.0,4,1134,1.0,0.0,0.0,49.963,2024,Aston Martin,Belgium,0,1
9,9.0,839,1134,1.0,0.0,0.0,52.552,2024,Alpine,Belgium,0,1
10,13.0,817,1134,1.0,0.0,0.0,54.926,2024,RB,Belgium,0,1
11,15.0,840,1134,1.0,0.0,0.0,63.011,2024,Aston Martin,Belgium,0,1
12,10.0,848,1134,1.0,0.0,0.0,63.651,2024,Williams,Belgium,0,1
13,12.0,842,1134,1.0,0.0,0.0,64.365,2024,Alpine,Belgium,0,1
14,17.0,825,1134,1.0,0.0,0.0,66.631,2024,Haas,Belgium,0,1
15,14.0,822,1134,1.0,0.0,0.0,70.638,2024,Kick Sauber,Belgium,0,1
16,20.0,852,1134,1.0,0.0,0.0,76.737,2024,RB,Belgium,0,1
17,18.0,858,1134,1.0,0.0,0.0,86.057,2024,Williams,Belgium,0,1
18,16.0,807,1134,1.0,0.0,0.0,88.833,2024,Haas,Belgium,0,1
NC,19.0,855,1134,0.0,1.0,,,2024,Kick Sauber,Belgium,0,1
1,1.0,846,1135,1.0,0.0,0.0,0.0,2024,McLaren,Netherlands,0,1
2,2.0,830,1135,1.0,0.0,0.0,22.896,2024,Red Bull Racing,Netherlands,0,1
3,6.0,844,1135,1.0,0.0,0.0,25.439,2024,Ferrari,Netherlands,0,1
4,3.0,857,1135,1.0,0.0,0.0,27.337,2024,McLaren,Netherlands,0,1
5,10.0,832,1135,1.0,0.0,0.0,32.137,2024,Ferrari,Netherlands,0,1
6,5.0,815,1135,1.0,0.0,0.0,39.542,2024,Red Bull Racing,Netherlands,0,1
7,4.0,847,1135,1.0,0.0,0.0,44.617,2024,Mercedes,Netherlands,0,1
8,14.0,1,1135,1.0,0.0,0.0,49.599,2024,Mercedes,Netherlands,0,1
9,9.0,842,1135,1.0,0.0,1.0,,2024,Alpine,Netherlands,0,1
10,7.0,4,1135,1.0,0.0,1.0,,2024,Aston Martin,Netherlands,0,1
11,12.0,807,1135,1.0,0.0,1.0,,2024,Haas,Netherlands,0,1
12,13.0,817,1135,1.0,0.0,1.0,,2024,RB,Netherlands,0,1
13,8.0,840,1135,1.0,0.0,1.0,,2024,Aston Martin,Netherlands,0,1
14,19.0,848,1135,1.0,0.0,1.0,,2024,Williams,Netherlands,0,1
15,15.0,839,1135,1.0,0.0,1.0,,2024,Alpine,Netherlands,0,1
16,18.0,858,1135,1.0,0.0,1.0,,2024,Williams,Netherlands,0,1
17,11.0,852,1135,1.0,0.0,1.0,,2024,RB,Netherlands,0,1
18,20.0,825,1135,1.0,0.0,1.0,,2024,Haas,Netherlands,0,1
19,16.0,822,1135,1.0,0.0,2.0,,2024,Kick Sauber,Netherlands,0,1
20,17.0,855,1135,1.0,0.0,2.0,,2024,Kick Sauber,Netherlands,0,1
1,4.0,844,1136,1.0,0.0,0.0,0.0,2024,Ferrari,Italy,1,0
2,2.0,857,1136,1.0,0.0,0.0,2.664,2024,McLaren,Italy,1,0
3,1.0,846,1136,1.0,0.0,0.0,6.153,2024,McLaren,Italy,1,0
4,5.0,832,1136,1.0,0.0,0.0,15.621,2024,Ferrari,Italy,1,0
5,6.0,1,1136,1.0,0.0,0.0,22.82,2024,Mercedes,Italy,1,0
6,7.0,830,1136,1.0,0.0,0.0,37.932,2024,Red Bull Racing,Italy,1,0
7,3.0,847,1136,1.0,0.0,0.0,39.715,2024,Mercedes,Italy,1,0
8,8.0,815,1136,1.0,0.0,0.0,54.148,2024,Red Bull Racing,Italy,1,0
9,9.0,848,1136,1.0,0.0,0.0,67.456,2024,Williams,Italy,1,0
10,13.0,825,1136,1.0,0.0,0.0,68.302,2024,Haas,Italy,1,0
11,11.0,4,1136,1.0,0.0,0.0,68.495,2024,Aston Martin,Italy,1,0
12,18.0,861,1136,1.0,0.0,0.0,81.308,2024,Williams,Italy,1,0
13,12.0,817,1136,1.0,0.0,0.0,93.452,2024,RB,Italy,1,0
14,15.0,839,1136,1.0,0.0,1.0,,2024,Alpine,Italy,1,0
15,14.0,842,1136,1.0,0.0,1.0,,2024,Alpine,Italy,1,0
16,19.0,822,1136,1.0,0.0,1.0,,2024,Kick Sauber,Italy,1,0
17,10.0,807,1136,1.0,0.0,1.0,,2024,Haas,Italy,1,0
18,20.0,855,1136,1.0,0.0,1.0,,2024,Kick Sauber,Italy,1,0
19,17.0,840,1136,1.0,0.0,1.0,,2024,Aston Martin,Italy,1,0
NC,16.0,852,1136,0.0,1.0,,,2024,RB,Italy,1,0
1,2.0,857,1137,1.0,0.0,0.0,0.0,2024,McLaren,Azerbaijan,0,1
2,1.0,844,1137,1.0,0.0,0.0,10.91,2024,Ferrari,Azerbaijan,0,1
3,5.0,847,1137,1.0,0.0,0.0,31.328,2024,Mercedes,Azerbaijan,0,1
4,15.0,846,1137,1.0,0.0,0.0,36.142,2024,McLaren,Azerbaijan,0,1
5,6.0,830,1137,1.0,0.0,0.0,77.098,2024,Red Bull Racing,Azerbaijan,0,1
6,7.0,4,1137,1.0,0.0,0.0,85.468,2024,Aston Martin,Azerbaijan,0,1
7,9.0,848,1137,1.0,0.0,0.0,87.396,2024,Williams,Azerbaijan,0,1
8,8.0,861,1137,1.0,0.0,0.0,89.541,2024,Williams,Azerbaijan,0,1
9,19.0,1,1137,1.0,0.0,0.0,92.401,2024,Mercedes,Azerbaijan,0,1
10,10.0,860,1137,1.0,0.0,0.0,93.127,2024,Haas,Azerbaijan,0,1
11,12.0,807,1137,1.0,0.0,0.0,93.465,2024,Haas,Azerbaijan,0,1
12,18.0,842,1137,1.0,0.0,0.0,117.189,2024,Alpine,Azerbaijan,0,1
13,14.0,817,1137,1.0,0.0,0.0,146.907,2024,RB,Azerbaijan,0,1
14,17.0,855,1137,1.0,0.0,0.0,148.841,2024,Kick Sauber,Azerbaijan,0,1
15,20.0,839,1137,1.0,0.0,1.0,,2024,Alpine,Azerbaijan,0,1
16,16.0,822,1137,1.0,0.0,1.0,,2024,Kick Sauber,Azerbaijan,0,1
17,4.0,815,1137,0.0,1.0,,,2024,Red Bull Racing,Azerbaijan,0,1
18,3.0,832,1137,0.0,1.0,,,2024,Ferrari,Azerbaijan,0,1
19,13.0,840,1137,0.0,1.0,,,2024,Aston Martin,Azerbaijan,0,1
NC,11.0,852,1137,0.0,1.0,,,2024,RB,Azerbaijan,0,1
1,1.0,846,1138,1.0,0.0,0.0,0.0,2024,McLaren,Singapore,0,1
2,2.0,830,1138,1.0,0.0,0.0,20.945,2024,Red Bull Racing,Singapore,0,1
3,5.0,857,1138,1.0,0.0,0.0,41.823,2024,McLaren,Singapore,0,1
4,4.0,847,1138,1.0,0.0,0.0,61.04,2024,Mercedes,Singapore,0,1
5,9.0,844,1138,1.0,0.0,0.0,62.43,2024,Ferrari,Singapore,0,1
6,3.0,1,1138,1.0,0.0,0.0,85.248,2024,Mercedes,Singapore,0,1
7,10.0,832,1138,1.0,0.0,0.0,96.039,2024,Ferrari,Singapore,0,1
8,7.0,4,1138,1.0,0.0,1.0,,2024,Aston Martin,Singapore,0,1
9,6.0,807,1138,1.0,0.0,1.0,,2024,Haas,Singapore,0,1
10,13.0,815,1138,1.0,0.0,1.0,,2024,Red Bull Racing,Singapore,0,1
11,12.0,861,1138,1.0,0.0,1.0,,2024,Williams,Singapore,0,1
12,8.0,852,1138,1.0,0.0,1.0,,2024,RB,Singapore,0,1
13,15.0,839,1138,1.0,0.0,1.0,,2024,Alpine,Singapore,0,1
14,17.0,840,1138,1.0,0.0,1.0,,2024,Aston Martin,Singapore,0,1
15,20.0,855,1138,1.0,0.0,1.0,,2024,Kick Sauber,Singapore,0,1
16,19.0,822,1138,1.0,0.0,1.0,,2024,Kick Sauber,Singapore,0,1
17,18.0,842,1138,1.0,0.0,1.0,,2024,Alpine,Singapore,0,1
18,16.0,817,1138,1.0,0.0,1.0,,2024,RB,Singapore,0,1
19,14.0,825,1138,0.0,1.0,,,2024,Haas,Singapore,0,1
NC,11.0,848,1138,0.0,1.0,,,2024,Williams,Singapore,0,1
1,4.0,844,1139,1.0,0.0,0.0,0.0,2024,Ferrari,United States,0,1
2,3.0,832,1139,1.0,0.0,0.0,8.562,2024,Ferrari,United States,0,1
3,2.0,830,1139,1.0,0.0,0.0,19.412,2024,Red Bull Racing,United States,0,1
4,1.0,846,1139,1.0,0.0,0.0,20.354,2024,McLaren,United States,0,1
5,5.0,857,1139,1.0,0.0,0.0,21.921,2024,McLaren,United States,0,1
6,20.0,847,1139,1.0,0.0,0.0,56.295,2024,Mercedes,United States,0,1
7,9.0,815,1139,1.0,0.0,0.0,59.072,2024,Red Bull Racing,United States,0,1
8,11.0,807,1139,1.0,0.0,0.0,62.957,2024,Haas,United States,0,1
9,19.0,859,1139,1.0,0.0,0.0,70.563,2024,RB,United States,0,1
10,15.0,861,1139,1.0,0.0,0.0,71.979,2024,Williams,United States,0,1
11,8.0,825,1139,1.0,0.0,0.0,79.782,2024,Haas,United States,0,1
12,6.0,842,1139,1.0,0.0,0.0,90.558,2024,Alpine,United States,0,1
13,7.0,4,1139,1.0,0.0,1.0,,2024,Aston Martin,United States,0,1
14,10.0,852,1139,1.0,0.0,1.0,,2024,RB,United States,0,1
15,13.0,840,1139,1.0,0.0,1.0,,2024,Aston Martin,United States,0,1
16,14.0,848,1139,1.0,0.0,1.0,,2024,Williams,United States,0,1
17,16.0,822,1139,1.0,0.0,1.0,,2024,Kick Sauber,United States,0,1
18,12.0,839,1139,1.0,0.0,1.0,,2024,Alpine,United States,0,1
19,18.0,855,1139,1.0,0.0,1.0,,2024,Kick Sauber,United States,0,1
NC,17.0,1,1139,0.0,1.0,,,2024,Mercedes,United States,0,1
1,1.0,832,1140,1.0,0.0,0.0,0.0,2024,Ferrari,Mexico,0,1
2,3.0,846,1140,1.0,0.0,0.0,4.705,2024,McLaren,Mexico,0,1
3,4.0,844,1140,1.0,0.0,0.0,34.387,2024,Ferrari,Mexico,0,1
4,6.0,1,1140,1.0,0.0,0.0,44.78,2024,Mercedes,Mexico,0,1
5,5.0,847,1140,1.0,0.0,0.0,48.536,2024,Mercedes,Mexico,0,1
6,2.0,830,1140,1.0,0.0,0.0,59.558,2024,Red Bull Racing,Mexico,0,1
7,7.0,825,1140,1.0,0.0,0.0,63.642,2024,Haas,Mexico,0,1
8,17.0,857,1140,1.0,0.0,0.0,64.928,2024,McLaren,Mexico,0,1
9,10.0,807,1140,1.0,0.0,1.0,,2024,Haas,Mexico,0,1
10,8.0,842,1140,1.0,0.0,1.0,,2024,Alpine,Mexico,0,1
11,14.0,840,1140,1.0,0.0,1.0,,2024,Aston Martin,Mexico,0,1
12,16.0,861,1140,1.0,0.0,1.0,,2024,Williams,Mexico,0,1
13,20.0,839,1140,1.0,0.0,1.0,,2024,Alpine,Mexico,0,1
14,15.0,822,1140,1.0,0.0,1.0,,2024,Kick Sauber,Mexico,0,1
15,19.0,855,1140,1.0,0.0,1.0,,2024,Kick Sauber,Mexico,0,1
16,12.0,859,1140,1.0,0.0,1.0,,2024,RB,Mexico,0,1
17,18.0,815,1140,1.0,0.0,1.0,,2024,Red Bull Racing,Mexico,0,1
NC,13.0,4,1140,0.0,1.0,,,2024,Aston Martin,Mexico,0,1
NC,9.0,848,1140,0.0,1.0,,,2024,Williams,Mexico,0,1
NC,11.0,852,1140,0.0,1.0,,,2024,RB,Mexico,0,1
1,17.0,830,1141,1.0,0.0,0.0,0.0,2024,Red Bull Racing,Brazil,1,0
2,4.0,839,1141,1.0,0.0,0.0,19.477,2024,Alpine,Brazil,1,0
3,13.0,842,1141,1.0,0.0,0.0,22.532,2024,Alpine,Brazil,1,0
4,2.0,847,1141,1.0,0.0,0.0,23.265,2024,Mercedes,Brazil,1,0
5,6.0,844,1141,1.0,0.0,0.0,30.177,2024,Ferrari,Brazil,1,0
6,1.0,846,1141,1.0,0.0,0.0,31.372,2024,McLaren,Brazil,1,0
7,3.0,852,1141,1.0,0.0,0.0,42.056,2024,RB,Brazil,1,0
8,8.0,857,1141,1.0,0.0,0.0,44.943,2024,McLaren,Brazil,1,0
9,5.0,859,1141,1.0,0.0,0.0,50.452,2024,RB,Brazil,1,0
10,14.0,1,1141,1.0,0.0,0.0,50.753,2024,Mercedes,Brazil,1,0
11,12.0,815,1141,1.0,0.0,0.0,51.531,2024,Red Bull Racing,Brazil,1,0
12,15.0,860,1141,1.0,0.0,0.0,57.085,2024,Haas,Brazil,1,0
13,11.0,822,1141,1.0,0.0,0.0,63.588,2024,Kick Sauber,Brazil,1,0
14,9.0,4,1141,1.0,0.0,0.0,78.049,2024,Aston Martin,Brazil,1,0
15,19.0,855,1141,1.0,0.0,0.0,79.649,2024,Kick Sauber,Brazil,1,0
NC,20.0,832,1141,0.0,1.0,,,2024,Ferrari,Brazil,1,0
NC,16.0,861,1141,0.0,1.0,,,2024,Williams,Brazil,1,0
NC,7.0,848,1141,0.0,1.0,,,2024,Williams,Brazil,1,0
NC,10.0,840,1141,0.0,1.0,,,2024,Aston Martin,Brazil,1,0
DQ,18.0,807,1141,0.0,1.0,,,2024,Haas,Brazil,1,0
1,1.0,847,1142,1.0,0.0,0.0,0.0,2024,Mercedes,Las Vegas,0,1
2,10.0,1,1142,1.0,0.0,0.0,7.313,2024,Mercedes,Las Vegas,0,1
3,2.0,832,1142,1.0,0.0,0.0,11.906,2024,Ferrari,Las Vegas,0,1
4,4.0,844,1142,1.0,0.0,0.0,14.283,2024,Ferrari,Las Vegas,0,1
5,5.0,830,1142,1.0,0.0,0.0,16.582,2024,Red Bull Racing,Las Vegas,0,1
6,6.0,846,1142,1.0,0.0,0.0,43.385,2024,McLaren,Las Vegas,0,1
7,8.0,857,1142,1.0,0.0,0.0,51.365,2024,McLaren,Las Vegas,0,1
8,9.0,807,1142,1.0,0.0,0.0,59.808,2024,Haas,Las Vegas,0,1
9,7.0,852,1142,1.0,0.0,0.0,62.808,2024,RB,Las Vegas,0,1
10,15.0,815,1142,1.0,0.0,0.0,63.114,2024,Red Bull Racing,Las Vegas,0,1
11,16.0,4,1142,1.0,0.0,0.0,69.195,2024,Aston Martin,Las Vegas,0,1
12,12.0,825,1142,1.0,0.0,0.0,69.803,2024,Haas,Las Vegas,0,1
13,13.0,855,1142,1.0,0.0,0.0,74.085,2024,Kick Sauber,Las Vegas,0,1
14,20.0,861,1142,1.0,0.0,0.0,75.172,2024,Williams,Las Vegas,0,1
15,18.0,840,1142,1.0,0.0,0.0,84.102,2024,Aston Martin,Las Vegas,0,1
16,14.0,859,1142,1.0,0.0,0.0,91.005,2024,RB,Las Vegas,0,1
17,11.0,839,1142,1.0,0.0,1.0,,2024,Alpine,Las Vegas,0,1
18,19.0,822,1142,1.0,0.0,1.0,,2024,Kick Sauber,Las Vegas,0,1
NC,17.0,848,1142,0.0,1.0,,,2024,Williams,Las Vegas,0,1
NC,3.0,842,1142,0.0,1.0,,,2024,Alpine,Las Vegas,0,1
1,2.0,830,1143,1.0,0.0,0.0,0.0,2024,Red Bull Racing,Qatar,0,1
2,5.0,844,1143,1.0,0.0,0.0,6.031,2024,Ferrari,Qatar,0,1
3,4.0,857,1143,1.0,0.0,0.0,6.819,2024,McLaren,Qatar,0,1
4,1.0,847,1143,1.0,0.0,0.0,14.104,2024,Mercedes,Qatar,0,1
5,11.0,842,1143,1.0,0.0,0.0,16.782,2024,Alpine,Qatar,0,1
6,7.0,832,1143,1.0,0.0,0.0,17.476,2024,Ferrari,Qatar,0,1
7,8.0,4,1143,1.0,0.0,0.0,19.867,2024,Aston Martin,Qatar,0,1
8,12.0,855,1143,1.0,0.0,0.0,25.36,2024,Kick Sauber,Qatar,0,1
9,10.0,825,1143,1.0,0.0,0.0,32.177,2024,Haas,Qatar,0,1
10,3.0,846,1143,1.0,0.0,0.0,35.762,2024,McLaren,Qatar,0,1
11,13.0,822,1143,1.0,0.0,0.0,50.243,2024,Kick Sauber,Qatar,0,1
12,6.0,1,1143,1.0,0.0,0.0,56.122,2024,Mercedes,Qatar,0,1
13,14.0,852,1143,1.0,0.0,0.0,61.1,2024,RB,Qatar,0,1
14,17.0,859,1143,1.0,0.0,0.0,62.656,2024,RB,Qatar,0,1
15,16.0,848,1143,1.0,0.0,1.0,,2024,Williams,Qatar,0,1
NC,18.0,807,1143,0.0,1.0,,,2024,Haas,Qatar,0,1
NC,9.0,815,1143,0.0,1.0,,,2024,Red Bull Racing,Qatar,0,1
NC,15.0,840,1143,0.0,1.0,,,2024,Aston Martin,Qatar,0,1
NC,19.0,861,1143,0.0,1.0,,,2024,Williams,Qatar,0,1
NC,20.0,839,1143,0.0,1.0,,,2024,Alpine,Qatar,0,1
1,1.0,846,1144,1.0,0.0,0.0,0.0,2024,McLaren,Abu Dhabi,0,1
2,3.0,832,1144,1.0,0.0,0.0,5.832,2024,Ferrari,Abu Dhabi,0,1
3,19.0,844,1144,1.0,0.0,0.0,31.928,2024,Ferrari,Abu Dhabi,0,1
4,16.0,1,1144,1.0,0.0,0.0,36.483,2024,Mercedes,Abu Dhabi,0,1
5,6.0,847,1144,1.0,0.0,0.0,37.538,2024,Mercedes,Abu Dhabi,0,1
6,4.0,830,1144,1.0,0.0,0.0,49.847,2024,Red Bull Racing,Abu Dhabi,0,1
7,5.0,842,1144,1.0,0.0,0.0,72.56,2024,Alpine,Abu Dhabi,0,1
8,7.0,807,1144,1.0,0.0,0.0,75.554,2024,Haas,Abu Dhabi,0,1
9,8.0,4,1144,1.0,0.0,0.0,82.373,2024,Aston Martin,Abu Dhabi,0,1
10,2.0,857,1144,1.0,0.0,0.0,83.821,2024,McLaren,Abu Dhabi,0,1
11,18.0,848,1144,1.0,0.0,1.0,,2024,Williams,Abu Dhabi,0,1
12,11.0,852,1144,1.0,0.0,1.0,,2024,RB,Abu Dhabi,0,1
13,15.0,855,1144,1.0,0.0,1.0,,2024,Kick Sauber,Abu Dhabi,0,1
14,13.0,840,1144,1.0,0.0,1.0,,2024,Aston Martin,Abu Dhabi,0,1
15,17.0,862,1144,1.0,0.0,1.0,,2024,Alpine,Abu Dhabi,0,1
16,14.0,825,1144,1.0,0.0,1.0,,2024,Haas,Abu Dhabi,0,1
17,12.0,859,1144,0.0,1.0,,,2024,RB,Abu Dhabi,0,1
NC,9.0,822,1144,0.0,1.0,,,2024,Kick Sauber,Abu Dhabi,0,1
NC,20.0,861,1144,0.0,1.0,,,2024,Williams,Abu Dhabi,0,1
NC,10.0,815,1144,0.0,1.0,,,2024,Red Bull Racing,Abu Dhabi,0,1
